# first_seen_epoch	block_number	sender	deploy_count	parents	block_hash
1791377012	0	04f700a417754b775d95421973bdbdadb2d23c8a5af46f1829b1431f5c136e549e8a0d61aa0c793f1a614f8e437711c7758473c6ceb0859ac7e9e07911ca66b5c4	16	0	e6de4dc43a62fc612f5d3e61acbbadb48bde2ae137ded94c93a6b30a2b1ee38c
1791377012	1	04d8b6c325ae12e89823866b2a292a62d7acee520954761890a1621fef79dca1c8e8df79dd8519480e5c015ae6cf3ba7de8669e260561616a36eb9c308b5983ab0	1	1	b225e7b6fba9e89848ed0202aa3064ac983311e72f121464eee3798fade3632e
1791377012	1	04f700a417754b775d95421973bdbdadb2d23c8a5af46f1829b1431f5c136e549e8a0d61aa0c793f1a614f8e437711c7758473c6ceb0859ac7e9e07911ca66b5c4	1	1	a5da66a509f0386ae33f86119cd71b8124a8f6652dba882837d5279ddbcab962
1791377012	1	04dbe32c2062240a4ba0bcad01d7edd98c78b51c77765d5e1e5e9fa3743d2f12a1f82f42cd7dc4f41445979117d790f23e9b3d08d0aa06d527c236172043e747fc	1	1	653400b0a3e19a14bdcfdd6af333313189055ebf5a90fa7045e2d8d4c27cd1dd
1791377012	2	04f700a417754b775d95421973bdbdadb2d23c8a5af46f1829b1431f5c136e549e8a0d61aa0c793f1a614f8e437711c7758473c6ceb0859ac7e9e07911ca66b5c4	1	3	dad10357e12d3d37f17f787d749ded91e8911aac5df4b14c2c0ed20e207a248f
1791377012	2	04d8b6c325ae12e89823866b2a292a62d7acee520954761890a1621fef79dca1c8e8df79dd8519480e5c015ae6cf3ba7de8669e260561616a36eb9c308b5983ab0	1	3	208f09f87cab40b16c8fc7cea64ae079faa8255bda5f10a84a069d888861c409
1791377013	2	04dbe32c2062240a4ba0bcad01d7edd98c78b51c77765d5e1e5e9fa3743d2f12a1f82f42cd7dc4f41445979117d790f23e9b3d08d0aa06d527c236172043e747fc	1	3	8846f78f32b7035736cd5d4e519bb0b68c3bb12c2fb83ab8ac6f06d758fa8a87
1791377013	3	04f700a417754b775d95421973bdbdadb2d23c8a5af46f1829b1431f5c136e549e8a0d61aa0c793f1a614f8e437711c7758473c6ceb0859ac7e9e07911ca66b5c4	1	3	f4b2246ba117456e031b1b8d39a6e94633a4e1f5fbba96001d8c5267c514ad35
1791377013	3	04dbe32c2062240a4ba0bcad01d7edd98c78b51c77765d5e1e5e9fa3743d2f12a1f82f42cd7dc4f41445979117d790f23e9b3d08d0aa06d527c236172043e747fc	1	3	c59cea9ceed6650e4487c35f4d6afc093de5c8522cce00241c28190019271fa8
1791377013	3	04d8b6c325ae12e89823866b2a292a62d7acee520954761890a1621fef79dca1c8e8df79dd8519480e5c015ae6cf3ba7de8669e260561616a36eb9c308b5983ab0	1	3	283daab764ec590ad87fe51dd3091c6c4e4d20021cb6bbec46e82879d35f68f7
1791377015	4	04f700a417754b775d95421973bdbdadb2d23c8a5af46f1829b1431f5c136e549e8a0d61aa0c793f1a614f8e437711c7758473c6ceb0859ac7e9e07911ca66b5c4	1	3	6b30967c80fa2c7f965e86dd87e21f2f2fb2c3c282f51d0d9e5e1ecaff1a6f7c
1791377015	4	04d8b6c325ae12e89823866b2a292a62d7acee520954761890a1621fef79dca1c8e8df79dd8519480e5c015ae6cf3ba7de8669e260561616a36eb9c308b5983ab0	1	3	402fa8141d8e32b601f4c2015386233cf0f3e3aff47c5a6acc4474c9ffe09036
1791377016	4	04dbe32c2062240a4ba0bcad01d7edd98c78b51c77765d5e1e5e9fa3743d2f12a1f82f42cd7dc4f41445979117d790f23e9b3d08d0aa06d527c236172043e747fc	1	3	6d5a1bbbbb78060ce9beeae845289b0d88a43a31e81471277954791bf0f312ea
1791377016	5	04dbe32c2062240a4ba0bcad01d7edd98c78b51c77765d5e1e5e9fa3743d2f12a1f82f42cd7dc4f41445979117d790f23e9b3d08d0aa06d527c236172043e747fc	1	3	e8ceffe45b378c5e0ea333a2c6f82cf3a791f5709b1e53b43064d3041e1340f6
1791377016	5	04d8b6c325ae12e89823866b2a292a62d7acee520954761890a1621fef79dca1c8e8df79dd8519480e5c015ae6cf3ba7de8669e260561616a36eb9c308b5983ab0	1	3	e2c7bd33804286d057608458e7424b72796917f1fd73610f3fc44515c5fe6a33
1791377016	5	04f700a417754b775d95421973bdbdadb2d23c8a5af46f1829b1431f5c136e549e8a0d61aa0c793f1a614f8e437711c7758473c6ceb0859ac7e9e07911ca66b5c4	1	3	3ea94e7d0e90fa0815cc220da4f754a128c7ef4be932bddba03c0953a902a33c
1791377017	6	04d8b6c325ae12e89823866b2a292a62d7acee520954761890a1621fef79dca1c8e8df79dd8519480e5c015ae6cf3ba7de8669e260561616a36eb9c308b5983ab0	1	3	9298d2e4a1c06cc7772762461b9be4128f3986122701478afa5f574fdfcc1b93
1791377017	6	04f700a417754b775d95421973bdbdadb2d23c8a5af46f1829b1431f5c136e549e8a0d61aa0c793f1a614f8e437711c7758473c6ceb0859ac7e9e07911ca66b5c4	1	3	406cab59a17726dc77af405b75ee1ef60981f9c2e5d9b0c2d69994f80b6ab4c8
1791377017	6	04dbe32c2062240a4ba0bcad01d7edd98c78b51c77765d5e1e5e9fa3743d2f12a1f82f42cd7dc4f41445979117d790f23e9b3d08d0aa06d527c236172043e747fc	1	3	027b65ec8acab097a0a415635c3bfd9547bbb01cb52cdd57bf54a4304c3467ca
1791377017	7	04f700a417754b775d95421973bdbdadb2d23c8a5af46f1829b1431f5c136e549e8a0d61aa0c793f1a614f8e437711c7758473c6ceb0859ac7e9e07911ca66b5c4	1	3	dc299e5b8526dad55155c876a1bb5e63f9361f2d9fd4f8cfd54580141ae3617c
1791377017	7	04dbe32c2062240a4ba0bcad01d7edd98c78b51c77765d5e1e5e9fa3743d2f12a1f82f42cd7dc4f41445979117d790f23e9b3d08d0aa06d527c236172043e747fc	1	3	377385f8879d514f28d4f3cd4637bb213ce1031c4442687d4d41a72fe5025fd2
1791377017	7	04d8b6c325ae12e89823866b2a292a62d7acee520954761890a1621fef79dca1c8e8df79dd8519480e5c015ae6cf3ba7de8669e260561616a36eb9c308b5983ab0	1	3	939c543988490146226c95fe9f88d9b9e64601da2bd5e3bb6bcef0fbeec03a39
1791377018	8	04d8b6c325ae12e89823866b2a292a62d7acee520954761890a1621fef79dca1c8e8df79dd8519480e5c015ae6cf3ba7de8669e260561616a36eb9c308b5983ab0	1	3	ddb567a8534ee80446488a7732c2abcefb293f96249c5c05b40e6eeb9eabfc1b
1791377018	8	04dbe32c2062240a4ba0bcad01d7edd98c78b51c77765d5e1e5e9fa3743d2f12a1f82f42cd7dc4f41445979117d790f23e9b3d08d0aa06d527c236172043e747fc	1	3	5ac9ce7d39c7cf9773a6e59aee237ac506bf5613d538d73149132b474793f79d
1791377018	8	04f700a417754b775d95421973bdbdadb2d23c8a5af46f1829b1431f5c136e549e8a0d61aa0c793f1a614f8e437711c7758473c6ceb0859ac7e9e07911ca66b5c4	1	3	1052afd1779bb9e64f286bcdc9330743b6b1a3f59d43b5d09d0d92c8cd853063
1791377019	9	04dbe32c2062240a4ba0bcad01d7edd98c78b51c77765d5e1e5e9fa3743d2f12a1f82f42cd7dc4f41445979117d790f23e9b3d08d0aa06d527c236172043e747fc	1	3	b04aaf44c182300fd651a40801f2c1854fa6253039bae73cbfbe121f6d480435
1791377019	9	04d8b6c325ae12e89823866b2a292a62d7acee520954761890a1621fef79dca1c8e8df79dd8519480e5c015ae6cf3ba7de8669e260561616a36eb9c308b5983ab0	1	3	96d76bdcb3c64aa9d8746bb939f9b55dc5bea7db1a737a46612271ef38b8313d
1791377019	9	04f700a417754b775d95421973bdbdadb2d23c8a5af46f1829b1431f5c136e549e8a0d61aa0c793f1a614f8e437711c7758473c6ceb0859ac7e9e07911ca66b5c4	1	3	8f4cf68cce605210d88119876a8d321a05c85b34367ab0c363a2c3ffe5ff0439
1791377019	10	04f700a417754b775d95421973bdbdadb2d23c8a5af46f1829b1431f5c136e549e8a0d61aa0c793f1a614f8e437711c7758473c6ceb0859ac7e9e07911ca66b5c4	1	3	963ccee01a3ecc0a708e30cdf9bd5144ddf8108e8b56ee2cd55904a529eed04d
1791377019	10	04d8b6c325ae12e89823866b2a292a62d7acee520954761890a1621fef79dca1c8e8df79dd8519480e5c015ae6cf3ba7de8669e260561616a36eb9c308b5983ab0	1	3	85c0e1b083b457544e24d034e77c2eeb43f9af66061e86bfc84d8b5b46f6a2ab
1791377019	10	04dbe32c2062240a4ba0bcad01d7edd98c78b51c77765d5e1e5e9fa3743d2f12a1f82f42cd7dc4f41445979117d790f23e9b3d08d0aa06d527c236172043e747fc	1	3	8b1b6b4625407d7bc5523b393d33ff16d9a5ce238632f885d855188095e26b7f
1791377021	11	04f700a417754b775d95421973bdbdadb2d23c8a5af46f1829b1431f5c136e549e8a0d61aa0c793f1a614f8e437711c7758473c6ceb0859ac7e9e07911ca66b5c4	1	3	a68b62cc5cf7ecf587ed58f68c8d8ba865fa3df48392f3c8f05dffbd0f0853ca
1791377021	11	04d8b6c325ae12e89823866b2a292a62d7acee520954761890a1621fef79dca1c8e8df79dd8519480e5c015ae6cf3ba7de8669e260561616a36eb9c308b5983ab0	1	3	51e5d30e476041d6f309750ba0110b6ea8d886a680de88be2b055fed6639f3c3
1791377021	11	04dbe32c2062240a4ba0bcad01d7edd98c78b51c77765d5e1e5e9fa3743d2f12a1f82f42cd7dc4f41445979117d790f23e9b3d08d0aa06d527c236172043e747fc	1	3	1784df92fe35e34e5c39c1e73c00159f172df0c5589c7861ea32a3c4d56601d6
1791377021	12	04f700a417754b775d95421973bdbdadb2d23c8a5af46f1829b1431f5c136e549e8a0d61aa0c793f1a614f8e437711c7758473c6ceb0859ac7e9e07911ca66b5c4	1	3	c836093a7587aec666c2e94d124fa6c0269f06b9c6305a872c30ed502c4847e3
1791377021	12	04d8b6c325ae12e89823866b2a292a62d7acee520954761890a1621fef79dca1c8e8df79dd8519480e5c015ae6cf3ba7de8669e260561616a36eb9c308b5983ab0	1	3	179fa986469d80af283ff7f97376e4210583b19dd5d99c607f754c9a4263fad3
1791377022	12	04dbe32c2062240a4ba0bcad01d7edd98c78b51c77765d5e1e5e9fa3743d2f12a1f82f42cd7dc4f41445979117d790f23e9b3d08d0aa06d527c236172043e747fc	1	3	23f98c9d1e16209c063f85626a9329f461319f107c66f0fdf38097a64811b261
1791377022	13	04f700a417754b775d95421973bdbdadb2d23c8a5af46f1829b1431f5c136e549e8a0d61aa0c793f1a614f8e437711c7758473c6ceb0859ac7e9e07911ca66b5c4	1	3	a2cf745ff6bdc9f59a115f877ed6d3a47059a5988605c95b12cc5dfa52a88804
1791377022	13	04dbe32c2062240a4ba0bcad01d7edd98c78b51c77765d5e1e5e9fa3743d2f12a1f82f42cd7dc4f41445979117d790f23e9b3d08d0aa06d527c236172043e747fc	1	3	1c92e24b2086a7dc5aba9c6a931f25c5dd1c9f6f701c67db1c6e5612d09897b9
1791377023	13	04d8b6c325ae12e89823866b2a292a62d7acee520954761890a1621fef79dca1c8e8df79dd8519480e5c015ae6cf3ba7de8669e260561616a36eb9c308b5983ab0	1	3	bc1f5c5b48b3b533f3631642b70c03247115d89ef21d9e4006d8ba1996ad6c97
1791377023	14	04f700a417754b775d95421973bdbdadb2d23c8a5af46f1829b1431f5c136e549e8a0d61aa0c793f1a614f8e437711c7758473c6ceb0859ac7e9e07911ca66b5c4	1	3	d5515906d7d3a9dfb051d26e0d35cbde5cdd3dcce06d221342843087a2336a0b
1791377023	14	04d8b6c325ae12e89823866b2a292a62d7acee520954761890a1621fef79dca1c8e8df79dd8519480e5c015ae6cf3ba7de8669e260561616a36eb9c308b5983ab0	1	3	1a6f7802338b380464d49af64adbe727f80e2584acd3bae144d699c450c204be
1791377024	14	04dbe32c2062240a4ba0bcad01d7edd98c78b51c77765d5e1e5e9fa3743d2f12a1f82f42cd7dc4f41445979117d790f23e9b3d08d0aa06d527c236172043e747fc	1	3	22895593d35c17448daec93a3a64b7b3d12a667d3c62cc4386b98cb7e8281603
1791377024	15	04f700a417754b775d95421973bdbdadb2d23c8a5af46f1829b1431f5c136e549e8a0d61aa0c793f1a614f8e437711c7758473c6ceb0859ac7e9e07911ca66b5c4	1	3	6bc8788c026f69a9a6a90f5da2cf8683791a59f80eec86eb257d5615b4fa2a39
1791377024	15	04dbe32c2062240a4ba0bcad01d7edd98c78b51c77765d5e1e5e9fa3743d2f12a1f82f42cd7dc4f41445979117d790f23e9b3d08d0aa06d527c236172043e747fc	1	3	35c5480b9ef6df5ce5fafc12ffb0b2e120b37291d2076b8e83bb73c2f924fed9
1791377024	15	04d8b6c325ae12e89823866b2a292a62d7acee520954761890a1621fef79dca1c8e8df79dd8519480e5c015ae6cf3ba7de8669e260561616a36eb9c308b5983ab0	1	3	fa36a9de2e66f347afb9a22a01501335daa56fe78c6467e80757b0a460a28321
1791377025	16	04d8b6c325ae12e89823866b2a292a62d7acee520954761890a1621fef79dca1c8e8df79dd8519480e5c015ae6cf3ba7de8669e260561616a36eb9c308b5983ab0	1	3	db5f71f37e56b83a34d629dec4f57d6ce2eb487098ff710d610dc3676866bca2
1791377025	16	04dbe32c2062240a4ba0bcad01d7edd98c78b51c77765d5e1e5e9fa3743d2f12a1f82f42cd7dc4f41445979117d790f23e9b3d08d0aa06d527c236172043e747fc	1	3	c4e016eb2f8234874a1ba2a477d22d1e6e3c11b272f17598e248b274ad9a89a7
1791377025	16	04f700a417754b775d95421973bdbdadb2d23c8a5af46f1829b1431f5c136e549e8a0d61aa0c793f1a614f8e437711c7758473c6ceb0859ac7e9e07911ca66b5c4	1	3	1c20694f11cb33284ab41b2bed0af29822e3d1b0d96ac51b31fcf19d810703c6
1791377027	17	04dbe32c2062240a4ba0bcad01d7edd98c78b51c77765d5e1e5e9fa3743d2f12a1f82f42cd7dc4f41445979117d790f23e9b3d08d0aa06d527c236172043e747fc	1	3	a24446d6a206f7e8315002d2e6fa2079e46f57d5b92d38ad606867f290460cdf
1791377027	17	04f700a417754b775d95421973bdbdadb2d23c8a5af46f1829b1431f5c136e549e8a0d61aa0c793f1a614f8e437711c7758473c6ceb0859ac7e9e07911ca66b5c4	1	3	6bc212ecf8e9fd253e0c7aac3868894dbb2a4ad940d75fb1476067e4d1743ead
1791377027	17	04d8b6c325ae12e89823866b2a292a62d7acee520954761890a1621fef79dca1c8e8df79dd8519480e5c015ae6cf3ba7de8669e260561616a36eb9c308b5983ab0	1	3	4fdcfd43b5a652ffb50fdfe62465da85670008ad507ff373cd7873498791eb92
1791377027	18	04d8b6c325ae12e89823866b2a292a62d7acee520954761890a1621fef79dca1c8e8df79dd8519480e5c015ae6cf3ba7de8669e260561616a36eb9c308b5983ab0	1	3	f59028fcc0b135cabac2346134605000239518811cff5564c44282c679d4f848
1791377027	18	04f700a417754b775d95421973bdbdadb2d23c8a5af46f1829b1431f5c136e549e8a0d61aa0c793f1a614f8e437711c7758473c6ceb0859ac7e9e07911ca66b5c4	1	3	96f286eee1c2120565913924fd25b9671eb1408415b4fd4933aa931387b86ce9
1791377027	18	04dbe32c2062240a4ba0bcad01d7edd98c78b51c77765d5e1e5e9fa3743d2f12a1f82f42cd7dc4f41445979117d790f23e9b3d08d0aa06d527c236172043e747fc	1	3	5353aed50677fb598625663069f31b0332cac65b59f7095383465715f4714fd7
1791377028	19	04d8b6c325ae12e89823866b2a292a62d7acee520954761890a1621fef79dca1c8e8df79dd8519480e5c015ae6cf3ba7de8669e260561616a36eb9c308b5983ab0	1	3	b9c806e00780019a583be0476eb57f7ad1767a47b18cdbb832f4a010cd02a181
1791377028	19	04dbe32c2062240a4ba0bcad01d7edd98c78b51c77765d5e1e5e9fa3743d2f12a1f82f42cd7dc4f41445979117d790f23e9b3d08d0aa06d527c236172043e747fc	1	3	542df44e825ef7697760cab13cf1fc05c6948cd68409d8ac3adff177af978eca
1791377028	19	04f700a417754b775d95421973bdbdadb2d23c8a5af46f1829b1431f5c136e549e8a0d61aa0c793f1a614f8e437711c7758473c6ceb0859ac7e9e07911ca66b5c4	1	3	4b3121571d7a91fa77432142d436892bdeb7afe984f8e78fa3c11531e6f48fd3
1791377029	20	04d8b6c325ae12e89823866b2a292a62d7acee520954761890a1621fef79dca1c8e8df79dd8519480e5c015ae6cf3ba7de8669e260561616a36eb9c308b5983ab0	1	3	d74c52ecb1426880880e04357f156dcedcf48a16a6958d6572ccc5e4f84862b4
1791377029	20	04f700a417754b775d95421973bdbdadb2d23c8a5af46f1829b1431f5c136e549e8a0d61aa0c793f1a614f8e437711c7758473c6ceb0859ac7e9e07911ca66b5c4	1	3	11c1238f1d994f775cbc7c2d9c815f0efdc7b49070d41ff09c00e4956581fb50
1791377029	20	04dbe32c2062240a4ba0bcad01d7edd98c78b51c77765d5e1e5e9fa3743d2f12a1f82f42cd7dc4f41445979117d790f23e9b3d08d0aa06d527c236172043e747fc	1	3	822fc9cda5fab0119e24527ba18f0079825082761c23b01dfd2d399257063782
1791377030	21	04f700a417754b775d95421973bdbdadb2d23c8a5af46f1829b1431f5c136e549e8a0d61aa0c793f1a614f8e437711c7758473c6ceb0859ac7e9e07911ca66b5c4	1	3	bd3cacabe0789a195dae59643c358ac967f1d8b8caa069c1da3ca09dda9a8e95
1791377030	21	04dbe32c2062240a4ba0bcad01d7edd98c78b51c77765d5e1e5e9fa3743d2f12a1f82f42cd7dc4f41445979117d790f23e9b3d08d0aa06d527c236172043e747fc	1	3	0ab84931c0a71b5b6f5772d069d57e01871d98e293dbb19fd5d6b2ee3bc3d299
1791377030	21	04d8b6c325ae12e89823866b2a292a62d7acee520954761890a1621fef79dca1c8e8df79dd8519480e5c015ae6cf3ba7de8669e260561616a36eb9c308b5983ab0	1	3	128caf38c9aa7876d03e03a392c5a603390f79b5006711bbe2d3993b436b02ea
1791377031	22	04f700a417754b775d95421973bdbdadb2d23c8a5af46f1829b1431f5c136e549e8a0d61aa0c793f1a614f8e437711c7758473c6ceb0859ac7e9e07911ca66b5c4	1	3	18c16b7480cf8d0fa52c93592531860576ee7f23fed08e9440b552a033c42995
1791377031	22	04dbe32c2062240a4ba0bcad01d7edd98c78b51c77765d5e1e5e9fa3743d2f12a1f82f42cd7dc4f41445979117d790f23e9b3d08d0aa06d527c236172043e747fc	1	3	1addb54e5c289e928a8b866e1dd578e5fe896bbda32db04c1beccb98c9ea9420
1791377031	22	04d8b6c325ae12e89823866b2a292a62d7acee520954761890a1621fef79dca1c8e8df79dd8519480e5c015ae6cf3ba7de8669e260561616a36eb9c308b5983ab0	1	3	908062fad442816fc7b56e8c268ac1f4593a6ce191272310ca7f3c88df1e2f81
1791377032	23	04f700a417754b775d95421973bdbdadb2d23c8a5af46f1829b1431f5c136e549e8a0d61aa0c793f1a614f8e437711c7758473c6ceb0859ac7e9e07911ca66b5c4	1	3	6c50368b7d2b865313d11b9fd3ed05ebc4d42d69a49aa44b2d6bb48dc6436c53
1791377032	23	04dbe32c2062240a4ba0bcad01d7edd98c78b51c77765d5e1e5e9fa3743d2f12a1f82f42cd7dc4f41445979117d790f23e9b3d08d0aa06d527c236172043e747fc	1	3	ec60be1e1f34206c8b4d7fc16a9816efcd5336dee299016d86c2ecb933ec5d30
1791377034	23	04d8b6c325ae12e89823866b2a292a62d7acee520954761890a1621fef79dca1c8e8df79dd8519480e5c015ae6cf3ba7de8669e260561616a36eb9c308b5983ab0	1	3	a448a980e0c88fefce6ec933dece9947bdf659247f083b363fbda07e42c122c8
1791377035	24	04d8b6c325ae12e89823866b2a292a62d7acee520954761890a1621fef79dca1c8e8df79dd8519480e5c015ae6cf3ba7de8669e260561616a36eb9c308b5983ab0	1	3	f508a38bedb28c4c6969d06e8f2115264b3f99cf33c5a1b2f3f955daddb44678
1791377035	24	04f700a417754b775d95421973bdbdadb2d23c8a5af46f1829b1431f5c136e549e8a0d61aa0c793f1a614f8e437711c7758473c6ceb0859ac7e9e07911ca66b5c4	1	3	caef1925d23b1f51735d3469f3a7a5e219be88309646245153bf9db9f0dfdd3e
1791377035	24	04dbe32c2062240a4ba0bcad01d7edd98c78b51c77765d5e1e5e9fa3743d2f12a1f82f42cd7dc4f41445979117d790f23e9b3d08d0aa06d527c236172043e747fc	1	3	694a1e75e43c610723a45e214e7c19f1598086788a4b25f842ca7c08ae47edc7
1791377036	25	04f700a417754b775d95421973bdbdadb2d23c8a5af46f1829b1431f5c136e549e8a0d61aa0c793f1a614f8e437711c7758473c6ceb0859ac7e9e07911ca66b5c4	1	3	b463974ccdebb3d001d1ff5950587728bedf90d461d1322a1c66bf5756e0ca36
1791377036	25	04dbe32c2062240a4ba0bcad01d7edd98c78b51c77765d5e1e5e9fa3743d2f12a1f82f42cd7dc4f41445979117d790f23e9b3d08d0aa06d527c236172043e747fc	1	3	578ca8990a21919e0cf9a2b9d055733e51ce388a0b1bab3eb1ba1c774b117d94
1791377036	25	04d8b6c325ae12e89823866b2a292a62d7acee520954761890a1621fef79dca1c8e8df79dd8519480e5c015ae6cf3ba7de8669e260561616a36eb9c308b5983ab0	1	3	c53df9e5bf27e6dc527a503091942cb6d95ea5f75edeae3e7991469631facb32
1791377037	26	04dbe32c2062240a4ba0bcad01d7edd98c78b51c77765d5e1e5e9fa3743d2f12a1f82f42cd7dc4f41445979117d790f23e9b3d08d0aa06d527c236172043e747fc	1	3	942b3f0853dd68a02c1a287f9e199592ed70c4f9f9fe30b814ccc13d9411b4f7
1791377037	26	04f700a417754b775d95421973bdbdadb2d23c8a5af46f1829b1431f5c136e549e8a0d61aa0c793f1a614f8e437711c7758473c6ceb0859ac7e9e07911ca66b5c4	1	3	6e2559446357936215ef21dde120a762b4737f05b6be69533dd12dd2681219a7
1791377037	26	04d8b6c325ae12e89823866b2a292a62d7acee520954761890a1621fef79dca1c8e8df79dd8519480e5c015ae6cf3ba7de8669e260561616a36eb9c308b5983ab0	1	3	3604c3ccf8b3a2cfe76b8183928ae1fe1b82f531698aee4f934000f24a5bcb82
1791377038	27	04d8b6c325ae12e89823866b2a292a62d7acee520954761890a1621fef79dca1c8e8df79dd8519480e5c015ae6cf3ba7de8669e260561616a36eb9c308b5983ab0	1	3	f578ee4b7a2c5241669cdb21c5d8b17da0ccdd436c160bbd9df0c09b993905a7
1791377038	27	04f700a417754b775d95421973bdbdadb2d23c8a5af46f1829b1431f5c136e549e8a0d61aa0c793f1a614f8e437711c7758473c6ceb0859ac7e9e07911ca66b5c4	1	3	7f91e116177e75427721fc36c402d6bcc5b2ae105f78950469cf3efc39d5b107
1791377038	27	04dbe32c2062240a4ba0bcad01d7edd98c78b51c77765d5e1e5e9fa3743d2f12a1f82f42cd7dc4f41445979117d790f23e9b3d08d0aa06d527c236172043e747fc	1	3	0f31ff3ff2a758df823ea19b5135524c9457c64d0f768fa6580a03ca3008e0a9
1791377038	28	04f700a417754b775d95421973bdbdadb2d23c8a5af46f1829b1431f5c136e549e8a0d61aa0c793f1a614f8e437711c7758473c6ceb0859ac7e9e07911ca66b5c4	1	3	a2c01704a1fae6393cbfb9b0566b4946856cdff651ba6ea882141d7f46907366
1791377038	28	04d8b6c325ae12e89823866b2a292a62d7acee520954761890a1621fef79dca1c8e8df79dd8519480e5c015ae6cf3ba7de8669e260561616a36eb9c308b5983ab0	1	3	6a2b13f1303c722b543d1d226e40968f8683cf9e721133fc2a0ad586beb7c934
1791377040	28	04dbe32c2062240a4ba0bcad01d7edd98c78b51c77765d5e1e5e9fa3743d2f12a1f82f42cd7dc4f41445979117d790f23e9b3d08d0aa06d527c236172043e747fc	1	3	a70457714a1c6fab77e2d390265266cfc88f52f78a9e10781907a56f93d2f56e
1791377040	29	04dbe32c2062240a4ba0bcad01d7edd98c78b51c77765d5e1e5e9fa3743d2f12a1f82f42cd7dc4f41445979117d790f23e9b3d08d0aa06d527c236172043e747fc	1	3	c6689f1756b4cf38bee9057c101354c6998651256f5dab26d342ed6ba68a28cd
1791377040	29	04f700a417754b775d95421973bdbdadb2d23c8a5af46f1829b1431f5c136e549e8a0d61aa0c793f1a614f8e437711c7758473c6ceb0859ac7e9e07911ca66b5c4	1	3	8cd3a1a0b963705ebc46a1504964aaf536ddf575f903f99f1ea2943b86a966f5
1791377040	29	04d8b6c325ae12e89823866b2a292a62d7acee520954761890a1621fef79dca1c8e8df79dd8519480e5c015ae6cf3ba7de8669e260561616a36eb9c308b5983ab0	1	3	c58321789ab7a97d9bdd48b88debc4c0776cbba5895685ece68a1a8e30ef1bc3
1791377041	30	04dbe32c2062240a4ba0bcad01d7edd98c78b51c77765d5e1e5e9fa3743d2f12a1f82f42cd7dc4f41445979117d790f23e9b3d08d0aa06d527c236172043e747fc	1	3	7c6076cb4fa910f381ea54d0180bfe5fa0576fa7796fc1e3d8caca754f9d0a36
1791377041	30	04d8b6c325ae12e89823866b2a292a62d7acee520954761890a1621fef79dca1c8e8df79dd8519480e5c015ae6cf3ba7de8669e260561616a36eb9c308b5983ab0	1	3	5f5a38c558ad92132cd210827444f92d77b4a8aa2b6912f9fc40d5e4b7b56a56
1791377041	30	04f700a417754b775d95421973bdbdadb2d23c8a5af46f1829b1431f5c136e549e8a0d61aa0c793f1a614f8e437711c7758473c6ceb0859ac7e9e07911ca66b5c4	1	3	24eb94fb4be19c69155d5b48e5c454b40bf918817b78afc34585ee1db4dcd250
1791377042	31	04dbe32c2062240a4ba0bcad01d7edd98c78b51c77765d5e1e5e9fa3743d2f12a1f82f42cd7dc4f41445979117d790f23e9b3d08d0aa06d527c236172043e747fc	1	3	fc2af73c39a0ef15d290a9818f1a336b45c71570ee0e6cc2621272d514e61783
1791377042	31	04f700a417754b775d95421973bdbdadb2d23c8a5af46f1829b1431f5c136e549e8a0d61aa0c793f1a614f8e437711c7758473c6ceb0859ac7e9e07911ca66b5c4	1	3	b0cffc3e65591702487224b5d31d43a7d585b7e28b261a28625b9da18b3c833c
1791377042	31	04d8b6c325ae12e89823866b2a292a62d7acee520954761890a1621fef79dca1c8e8df79dd8519480e5c015ae6cf3ba7de8669e260561616a36eb9c308b5983ab0	1	3	8e83cad1882d4083ece5942b55b8b86658afe9169886bd9c85bfff659e69f3d5
1791377042	32	04f700a417754b775d95421973bdbdadb2d23c8a5af46f1829b1431f5c136e549e8a0d61aa0c793f1a614f8e437711c7758473c6ceb0859ac7e9e07911ca66b5c4	1	3	1b3c8aca57825c3f0a4be5fc8967956c85d0e02b7dfe2307db80be9e3c3c207d
1791377042	32	04dbe32c2062240a4ba0bcad01d7edd98c78b51c77765d5e1e5e9fa3743d2f12a1f82f42cd7dc4f41445979117d790f23e9b3d08d0aa06d527c236172043e747fc	1	3	e0c833f72058670a3d822857cdf26551294ffea090f453a8007c7bf9f78ac9e1
1791377042	32	04d8b6c325ae12e89823866b2a292a62d7acee520954761890a1621fef79dca1c8e8df79dd8519480e5c015ae6cf3ba7de8669e260561616a36eb9c308b5983ab0	1	3	862b041fa350c8fa8f555b18848d49df4cd9216586823843f7d69b0b5e882292
1791377043	33	04dbe32c2062240a4ba0bcad01d7edd98c78b51c77765d5e1e5e9fa3743d2f12a1f82f42cd7dc4f41445979117d790f23e9b3d08d0aa06d527c236172043e747fc	1	3	2dea3f0f7a95c81561073a172795a4d9715abba8119bf4181401501eab1c11b7
1791377043	33	04f700a417754b775d95421973bdbdadb2d23c8a5af46f1829b1431f5c136e549e8a0d61aa0c793f1a614f8e437711c7758473c6ceb0859ac7e9e07911ca66b5c4	1	3	111575ab90e75e0b67147d9aa7592055968772b433c11548865a0ec80f3c355e
1791377043	33	04d8b6c325ae12e89823866b2a292a62d7acee520954761890a1621fef79dca1c8e8df79dd8519480e5c015ae6cf3ba7de8669e260561616a36eb9c308b5983ab0	1	3	578d077bca2b6381a7dd6f07248a548ea4655886d9dfc409bd3bdc32537f275b
1791377044	34	04f700a417754b775d95421973bdbdadb2d23c8a5af46f1829b1431f5c136e549e8a0d61aa0c793f1a614f8e437711c7758473c6ceb0859ac7e9e07911ca66b5c4	1	3	5bd4c6676a95400a0f3d8e04bc658221e342a269c68a51ad995557dcc63b5121
1791377044	34	04d8b6c325ae12e89823866b2a292a62d7acee520954761890a1621fef79dca1c8e8df79dd8519480e5c015ae6cf3ba7de8669e260561616a36eb9c308b5983ab0	1	3	362194b75ffb6ba072ea9a8e812fbc02978a44c7f5a12fcc791e721b61dfcf8f
1791377046	34	04dbe32c2062240a4ba0bcad01d7edd98c78b51c77765d5e1e5e9fa3743d2f12a1f82f42cd7dc4f41445979117d790f23e9b3d08d0aa06d527c236172043e747fc	1	3	0e1405aa02faa1ef20a2ff7e994533e12c773d5b3a671f4f82979164a4592914
1791377046	35	04f700a417754b775d95421973bdbdadb2d23c8a5af46f1829b1431f5c136e549e8a0d61aa0c793f1a614f8e437711c7758473c6ceb0859ac7e9e07911ca66b5c4	1	3	0b717724af0596dc72698be7502bbafa3c35d6c053bdd8411c7731432d0182cd
1791377046	35	04dbe32c2062240a4ba0bcad01d7edd98c78b51c77765d5e1e5e9fa3743d2f12a1f82f42cd7dc4f41445979117d790f23e9b3d08d0aa06d527c236172043e747fc	1	3	6c2680839e4e40b9f659cae94508546122214b928a564196fb2a35268ad106f4
1791377046	35	04d8b6c325ae12e89823866b2a292a62d7acee520954761890a1621fef79dca1c8e8df79dd8519480e5c015ae6cf3ba7de8669e260561616a36eb9c308b5983ab0	1	3	35c590957cc733d61f18710369504d363223fb8b3be6f93167f9cead24a611e2
1791377047	36	04f700a417754b775d95421973bdbdadb2d23c8a5af46f1829b1431f5c136e549e8a0d61aa0c793f1a614f8e437711c7758473c6ceb0859ac7e9e07911ca66b5c4	1	3	bab75c2a5df0e9326da8c3f69a878a6d5e3625e90d983655e61e5df22a74fd7f
1791377047	36	04d8b6c325ae12e89823866b2a292a62d7acee520954761890a1621fef79dca1c8e8df79dd8519480e5c015ae6cf3ba7de8669e260561616a36eb9c308b5983ab0	1	3	7d1387d9e75c7bbec88d86fff517df1a1f0ebf30b5df88c96ed498f2613f96e1
1791377047	36	04dbe32c2062240a4ba0bcad01d7edd98c78b51c77765d5e1e5e9fa3743d2f12a1f82f42cd7dc4f41445979117d790f23e9b3d08d0aa06d527c236172043e747fc	1	3	5f0c8c7dbb1fb8727d44e8119e2aaab903f8c276413d476f3fed7de3ca345da8
1791377048	37	04d8b6c325ae12e89823866b2a292a62d7acee520954761890a1621fef79dca1c8e8df79dd8519480e5c015ae6cf3ba7de8669e260561616a36eb9c308b5983ab0	1	3	e40e652ded378d25938c564fbaffc5ecac25e31b49fbc9b2b92313ac93078f31
1791377048	37	04f700a417754b775d95421973bdbdadb2d23c8a5af46f1829b1431f5c136e549e8a0d61aa0c793f1a614f8e437711c7758473c6ceb0859ac7e9e07911ca66b5c4	1	3	ad1321d8f23616fadf0ad63bb8e27cbd91026cb5bf329a2eb013e0fa0f93412d
1791377048	37	04dbe32c2062240a4ba0bcad01d7edd98c78b51c77765d5e1e5e9fa3743d2f12a1f82f42cd7dc4f41445979117d790f23e9b3d08d0aa06d527c236172043e747fc	1	3	2fec9452259f7a5dac26b7a730057cb8be81ebb7f2f9da979e3945e6cbc36875
1791377048	38	04d8b6c325ae12e89823866b2a292a62d7acee520954761890a1621fef79dca1c8e8df79dd8519480e5c015ae6cf3ba7de8669e260561616a36eb9c308b5983ab0	1	3	e358301c3f285b10526ffdc71d44813ab6b0cbd8c04fdfeca72dd70e9d628be2
1791377049	38	04f700a417754b775d95421973bdbdadb2d23c8a5af46f1829b1431f5c136e549e8a0d61aa0c793f1a614f8e437711c7758473c6ceb0859ac7e9e07911ca66b5c4	1	3	a82ccd1dc54c0bb4a6730b5a13e34aa56eae05e0ad77eb0666eaabfbf05c1ab5
1791377049	38	04dbe32c2062240a4ba0bcad01d7edd98c78b51c77765d5e1e5e9fa3743d2f12a1f82f42cd7dc4f41445979117d790f23e9b3d08d0aa06d527c236172043e747fc	1	3	13260ca44a091253ad1d425e597071a15a2f9da8e398a35741fe324e1294f223
1791377049	39	04f700a417754b775d95421973bdbdadb2d23c8a5af46f1829b1431f5c136e549e8a0d61aa0c793f1a614f8e437711c7758473c6ceb0859ac7e9e07911ca66b5c4	1	3	8dbcb3fccc9cc620a77c7ba06d285b214665784c2632860cb8b1b872cac0c708
1791377049	39	04dbe32c2062240a4ba0bcad01d7edd98c78b51c77765d5e1e5e9fa3743d2f12a1f82f42cd7dc4f41445979117d790f23e9b3d08d0aa06d527c236172043e747fc	1	3	4b99b380956adc5669be9d6ed3fdf28268a86d523e6da6dffdb1aacc60e73e91
1791377049	39	04d8b6c325ae12e89823866b2a292a62d7acee520954761890a1621fef79dca1c8e8df79dd8519480e5c015ae6cf3ba7de8669e260561616a36eb9c308b5983ab0	1	3	541e40430a759a30bbd622185aed9d9e8f5cb4b0c3a1d1d2a4b767a10ca22813
1791377051	40	04f700a417754b775d95421973bdbdadb2d23c8a5af46f1829b1431f5c136e549e8a0d61aa0c793f1a614f8e437711c7758473c6ceb0859ac7e9e07911ca66b5c4	1	3	796750e753fd6234fdeb125c45c7175f3108f915287a402eda9ffd3057682b05
1791377051	40	04dbe32c2062240a4ba0bcad01d7edd98c78b51c77765d5e1e5e9fa3743d2f12a1f82f42cd7dc4f41445979117d790f23e9b3d08d0aa06d527c236172043e747fc	1	3	dd048c1d2aa86826fdd89d0f7467ba4413470f2af7cc34a22db42a79cfb7b2b9
1791377051	40	04d8b6c325ae12e89823866b2a292a62d7acee520954761890a1621fef79dca1c8e8df79dd8519480e5c015ae6cf3ba7de8669e260561616a36eb9c308b5983ab0	1	3	5f7e980c1e019e5e8acaf2fa37eb43bd233cc3181c530a3dd1a7101bb589297c
1791377053	41	04d8b6c325ae12e89823866b2a292a62d7acee520954761890a1621fef79dca1c8e8df79dd8519480e5c015ae6cf3ba7de8669e260561616a36eb9c308b5983ab0	1	3	f26da51497603e95b3c9f0ac7db05a80461fdb1df24acc703a8d0ea9780b926c
1791377053	41	04f700a417754b775d95421973bdbdadb2d23c8a5af46f1829b1431f5c136e549e8a0d61aa0c793f1a614f8e437711c7758473c6ceb0859ac7e9e07911ca66b5c4	1	3	1b4c5c5678de3a3a96022fa04a09bca6edc91ffcddcc5ccf75c12f769d349506
1791377053	41	04dbe32c2062240a4ba0bcad01d7edd98c78b51c77765d5e1e5e9fa3743d2f12a1f82f42cd7dc4f41445979117d790f23e9b3d08d0aa06d527c236172043e747fc	1	3	010f73fccf3933b39990edecd7b15ceb1648f34ce01c107eac3c6fd516429e34
1791377054	42	04dbe32c2062240a4ba0bcad01d7edd98c78b51c77765d5e1e5e9fa3743d2f12a1f82f42cd7dc4f41445979117d790f23e9b3d08d0aa06d527c236172043e747fc	1	3	ffba68264ede2a2b9f7592f0c9c72e6fb96da3334a099247d2fec3fb475698f2
1791377054	42	04f700a417754b775d95421973bdbdadb2d23c8a5af46f1829b1431f5c136e549e8a0d61aa0c793f1a614f8e437711c7758473c6ceb0859ac7e9e07911ca66b5c4	1	3	e44a43015332a8d93f20fc124aebb49f9d8049ce9414d61e18de2221985f1abe
1791377054	42	04d8b6c325ae12e89823866b2a292a62d7acee520954761890a1621fef79dca1c8e8df79dd8519480e5c015ae6cf3ba7de8669e260561616a36eb9c308b5983ab0	1	3	43043097d5fec07e6bf2a73736293abb7bdc5d438891bbd1475473c233094868
1791377055	43	04f700a417754b775d95421973bdbdadb2d23c8a5af46f1829b1431f5c136e549e8a0d61aa0c793f1a614f8e437711c7758473c6ceb0859ac7e9e07911ca66b5c4	1	3	34e13b0eb529a74a5d86977a4c193c5bdae02bebaa77be6eee0fb39e7aa885ab
1791377055	43	04dbe32c2062240a4ba0bcad01d7edd98c78b51c77765d5e1e5e9fa3743d2f12a1f82f42cd7dc4f41445979117d790f23e9b3d08d0aa06d527c236172043e747fc	1	3	43f8b227aaf4ed9253d31126d4e12783904b1d27fbcc88cf0edb9441a2ac18df
1791377057	43	04d8b6c325ae12e89823866b2a292a62d7acee520954761890a1621fef79dca1c8e8df79dd8519480e5c015ae6cf3ba7de8669e260561616a36eb9c308b5983ab0	1	3	ce176783005d7ed69f3d9889d48d321e69179a12b4e1a1c4ded462f6cef185f3
1791377057	44	04f700a417754b775d95421973bdbdadb2d23c8a5af46f1829b1431f5c136e549e8a0d61aa0c793f1a614f8e437711c7758473c6ceb0859ac7e9e07911ca66b5c4	1	3	09aa85384b76b519cd20ebc1bffe45e52f3ab731fb6115b0131024972bfdc321
1791377057	44	04d8b6c325ae12e89823866b2a292a62d7acee520954761890a1621fef79dca1c8e8df79dd8519480e5c015ae6cf3ba7de8669e260561616a36eb9c308b5983ab0	1	3	c83097cf90a18bddc4314e333c3c0c4b98851037b336d23b2d944808e5bc1f6d
1791377058	44	04dbe32c2062240a4ba0bcad01d7edd98c78b51c77765d5e1e5e9fa3743d2f12a1f82f42cd7dc4f41445979117d790f23e9b3d08d0aa06d527c236172043e747fc	1	3	62236fc8e9f4e8de7ffa32a15cc466f948e6278d6cb9ac381ac120ea4b7c3c3e
1791377058	45	04dbe32c2062240a4ba0bcad01d7edd98c78b51c77765d5e1e5e9fa3743d2f12a1f82f42cd7dc4f41445979117d790f23e9b3d08d0aa06d527c236172043e747fc	1	3	f4194133571d19dad4a3cd1bcefef3f664dac2507dcf6d69bd7b5ae16bd97100
1791377058	45	04f700a417754b775d95421973bdbdadb2d23c8a5af46f1829b1431f5c136e549e8a0d61aa0c793f1a614f8e437711c7758473c6ceb0859ac7e9e07911ca66b5c4	1	3	e3d78a6ba1bd8f6b988d78b00226844aa6cadb11e7ccf70806007c904f3287a0
1791377058	45	04d8b6c325ae12e89823866b2a292a62d7acee520954761890a1621fef79dca1c8e8df79dd8519480e5c015ae6cf3ba7de8669e260561616a36eb9c308b5983ab0	1	3	996d71a013c472eec132ab39b943e2a0e3586b645eb0c7725030d09c765ae74d
1791377059	46	04d8b6c325ae12e89823866b2a292a62d7acee520954761890a1621fef79dca1c8e8df79dd8519480e5c015ae6cf3ba7de8669e260561616a36eb9c308b5983ab0	1	3	a689892819e05dd16b1f3bc1c3c134bddbbefd09bf26aca64e4c721261e2d5bb
1791377059	46	04dbe32c2062240a4ba0bcad01d7edd98c78b51c77765d5e1e5e9fa3743d2f12a1f82f42cd7dc4f41445979117d790f23e9b3d08d0aa06d527c236172043e747fc	1	3	5f156f59500d784a6ed63066fec38d815fa14a8f5017aa406ad9afa262a0a9e4
1791377059	46	04f700a417754b775d95421973bdbdadb2d23c8a5af46f1829b1431f5c136e549e8a0d61aa0c793f1a614f8e437711c7758473c6ceb0859ac7e9e07911ca66b5c4	1	3	0b933964de4f4dbab9f800863f8053f128a56ec0134e9e24f821a943165adeb3
1791377060	47	04f700a417754b775d95421973bdbdadb2d23c8a5af46f1829b1431f5c136e549e8a0d61aa0c793f1a614f8e437711c7758473c6ceb0859ac7e9e07911ca66b5c4	1	3	567c95699719b95746c3839121d16f50a3a46e7ce4177d754d6bca26206ebc4b
1791377060	47	04dbe32c2062240a4ba0bcad01d7edd98c78b51c77765d5e1e5e9fa3743d2f12a1f82f42cd7dc4f41445979117d790f23e9b3d08d0aa06d527c236172043e747fc	1	3	2547bf12dcf93ea1a0f7aed57033e690e45ca9f2893c122caef03f5300cb8d55
1791377060	47	04d8b6c325ae12e89823866b2a292a62d7acee520954761890a1621fef79dca1c8e8df79dd8519480e5c015ae6cf3ba7de8669e260561616a36eb9c308b5983ab0	1	3	4fe8798e30358dd5a438185e1a8b3aeec84aabcb8beaf0b9e48685198120c439
1791377062	48	04d8b6c325ae12e89823866b2a292a62d7acee520954761890a1621fef79dca1c8e8df79dd8519480e5c015ae6cf3ba7de8669e260561616a36eb9c308b5983ab0	1	3	cf3969087b579b31d5c8bb745296f138eff21d263fe64d7e52580a77b583e690
1791377062	48	04f700a417754b775d95421973bdbdadb2d23c8a5af46f1829b1431f5c136e549e8a0d61aa0c793f1a614f8e437711c7758473c6ceb0859ac7e9e07911ca66b5c4	1	3	6c80143caf22b6f4187b8cd96b21d04a20f8a2742674dc382da38fc9ab55e747
1791377062	48	04dbe32c2062240a4ba0bcad01d7edd98c78b51c77765d5e1e5e9fa3743d2f12a1f82f42cd7dc4f41445979117d790f23e9b3d08d0aa06d527c236172043e747fc	1	3	0e02febe0aad7bf59dc5fcfe9589ee42441e0a4a80a5bc06eb4b2316406f9833
1791377062	49	04dbe32c2062240a4ba0bcad01d7edd98c78b51c77765d5e1e5e9fa3743d2f12a1f82f42cd7dc4f41445979117d790f23e9b3d08d0aa06d527c236172043e747fc	1	3	9c10b4f0f5e212e15bb73bf7c1238614265ec874c88c462d9df1b67c3cba82e8
1791377063	49	04d8b6c325ae12e89823866b2a292a62d7acee520954761890a1621fef79dca1c8e8df79dd8519480e5c015ae6cf3ba7de8669e260561616a36eb9c308b5983ab0	1	3	e53df82d928f37916f6632c0ed02f7e6a00508bbecf85babd622c42528054ca5
1791377063	49	04f700a417754b775d95421973bdbdadb2d23c8a5af46f1829b1431f5c136e549e8a0d61aa0c793f1a614f8e437711c7758473c6ceb0859ac7e9e07911ca66b5c4	1	3	05b5ec01434e1ad26d06aecf12a4056be2eb7fcff5f415bea8ec5341e9700d7a
1791377063	50	04f700a417754b775d95421973bdbdadb2d23c8a5af46f1829b1431f5c136e549e8a0d61aa0c793f1a614f8e437711c7758473c6ceb0859ac7e9e07911ca66b5c4	1	3	9cd05c5645bcca7c0f3327489ee73bcf45bebd1bd070884cd65c2ce27321456b
1791377063	50	04dbe32c2062240a4ba0bcad01d7edd98c78b51c77765d5e1e5e9fa3743d2f12a1f82f42cd7dc4f41445979117d790f23e9b3d08d0aa06d527c236172043e747fc	1	3	0359e5b4780aac0461393169b99d97a3b2a0f0e9a6d3687c491659bc09b8c3d9
1791377063	50	04d8b6c325ae12e89823866b2a292a62d7acee520954761890a1621fef79dca1c8e8df79dd8519480e5c015ae6cf3ba7de8669e260561616a36eb9c308b5983ab0	1	3	5cd3088c472660429f9f8769874aea0bb82f148a41789b4eb7db2db273af1c92
1791377064	51	04dbe32c2062240a4ba0bcad01d7edd98c78b51c77765d5e1e5e9fa3743d2f12a1f82f42cd7dc4f41445979117d790f23e9b3d08d0aa06d527c236172043e747fc	1	3	b38b8a26adfe9f2d04a6afcc70fbd6bc3da374b28d87ddc2fa26819228aa73e8
1791377064	51	04f700a417754b775d95421973bdbdadb2d23c8a5af46f1829b1431f5c136e549e8a0d61aa0c793f1a614f8e437711c7758473c6ceb0859ac7e9e07911ca66b5c4	1	3	b1bb1693d9f7118352f3c88a6247f5c1830855f548068bfde0cb2013b67f67e2
1791377064	51	04d8b6c325ae12e89823866b2a292a62d7acee520954761890a1621fef79dca1c8e8df79dd8519480e5c015ae6cf3ba7de8669e260561616a36eb9c308b5983ab0	1	3	15f2c5333c52c66061a3a3a20012068f4913cc906f15b6456cb03d0e3d18e775
1791377064	52	04d8b6c325ae12e89823866b2a292a62d7acee520954761890a1621fef79dca1c8e8df79dd8519480e5c015ae6cf3ba7de8669e260561616a36eb9c308b5983ab0	1	3	ba624768006fdea08cb045428425df30ede70f11ae46fe2acf7ef9b1aa4219bf
1791377065	52	04f700a417754b775d95421973bdbdadb2d23c8a5af46f1829b1431f5c136e549e8a0d61aa0c793f1a614f8e437711c7758473c6ceb0859ac7e9e07911ca66b5c4	1	3	2192819c3c39d9cecb4340e70a7be6652f17ad877b217d4bbb271752ab7b1c3f
1791377065	52	04dbe32c2062240a4ba0bcad01d7edd98c78b51c77765d5e1e5e9fa3743d2f12a1f82f42cd7dc4f41445979117d790f23e9b3d08d0aa06d527c236172043e747fc	1	3	01837ed8d40839cc3e9a7568e3b7fd780e8d784673903040243f76e2e9361380
1791377065	53	04f700a417754b775d95421973bdbdadb2d23c8a5af46f1829b1431f5c136e549e8a0d61aa0c793f1a614f8e437711c7758473c6ceb0859ac7e9e07911ca66b5c4	1	3	e97afdf0ca272eb8859745417ebee661af528f650a61a5cda5e494463660c561
1791377065	53	04dbe32c2062240a4ba0bcad01d7edd98c78b51c77765d5e1e5e9fa3743d2f12a1f82f42cd7dc4f41445979117d790f23e9b3d08d0aa06d527c236172043e747fc	1	3	0aa3bf634039850de9446f35752ea8ae5efb766fed8cca83e4483bc6e74ac543
1791377065	53	04d8b6c325ae12e89823866b2a292a62d7acee520954761890a1621fef79dca1c8e8df79dd8519480e5c015ae6cf3ba7de8669e260561616a36eb9c308b5983ab0	1	3	e5fe7c8d59a9b331265eb914032e9352b6e42f955c482c3329ce7847e2e78db4
1791377066	54	04dbe32c2062240a4ba0bcad01d7edd98c78b51c77765d5e1e5e9fa3743d2f12a1f82f42cd7dc4f41445979117d790f23e9b3d08d0aa06d527c236172043e747fc	1	3	d29f623e1fb8cc22c63cb9ed82bf89df18be53288f6d82d3319bb50396940a5c
1791377066	54	04d8b6c325ae12e89823866b2a292a62d7acee520954761890a1621fef79dca1c8e8df79dd8519480e5c015ae6cf3ba7de8669e260561616a36eb9c308b5983ab0	1	3	3cd266d6d5df43dc2b9c8c30cc8a29b80deb4e94548101ad88c0d54554be5514
1791377066	54	04f700a417754b775d95421973bdbdadb2d23c8a5af46f1829b1431f5c136e549e8a0d61aa0c793f1a614f8e437711c7758473c6ceb0859ac7e9e07911ca66b5c4	1	3	242c1b81b20aef39d3372c21e751b12c860e97bece0e50cf5f93e312c5c7b0e8
1791377066	55	04dbe32c2062240a4ba0bcad01d7edd98c78b51c77765d5e1e5e9fa3743d2f12a1f82f42cd7dc4f41445979117d790f23e9b3d08d0aa06d527c236172043e747fc	1	3	83e86601dd4bd5497b40f54eabcecdd7dadebb3b90125ba05a73778185cdc25a
1791377068	55	04d8b6c325ae12e89823866b2a292a62d7acee520954761890a1621fef79dca1c8e8df79dd8519480e5c015ae6cf3ba7de8669e260561616a36eb9c308b5983ab0	1	3	ff66b9b8c3e78392b8f6c1292618798988a1c5f1ab8fd025614e50d7c4f56723
1791377068	55	04f700a417754b775d95421973bdbdadb2d23c8a5af46f1829b1431f5c136e549e8a0d61aa0c793f1a614f8e437711c7758473c6ceb0859ac7e9e07911ca66b5c4	1	3	9fbcb871b5b1b08600a1786429fed0d769fddafacaa3b08b25fded7aecdc8f3b
1791377068	56	04f700a417754b775d95421973bdbdadb2d23c8a5af46f1829b1431f5c136e549e8a0d61aa0c793f1a614f8e437711c7758473c6ceb0859ac7e9e07911ca66b5c4	1	3	bd95ff7c4ffff1572d2d8ffb712133a04655734ccd50d16ff1d954674807298a
1791377068	56	04d8b6c325ae12e89823866b2a292a62d7acee520954761890a1621fef79dca1c8e8df79dd8519480e5c015ae6cf3ba7de8669e260561616a36eb9c308b5983ab0	1	3	20e9ec6b2ac932b302c9bfe6f7e7ab40ec67e5d4440f574dbd0adc7836d5a160
1791377069	56	04dbe32c2062240a4ba0bcad01d7edd98c78b51c77765d5e1e5e9fa3743d2f12a1f82f42cd7dc4f41445979117d790f23e9b3d08d0aa06d527c236172043e747fc	1	3	29e18319b1f4ea40ac3a3077ac4beb73aa3c90a83d99d2f61f300fd4816a3d93
1791377070	57	04f700a417754b775d95421973bdbdadb2d23c8a5af46f1829b1431f5c136e549e8a0d61aa0c793f1a614f8e437711c7758473c6ceb0859ac7e9e07911ca66b5c4	1	3	8d5964858d7f8cc261370fc0046fd52286baef7a1693449011453c74f2a073af
1791377070	57	04dbe32c2062240a4ba0bcad01d7edd98c78b51c77765d5e1e5e9fa3743d2f12a1f82f42cd7dc4f41445979117d790f23e9b3d08d0aa06d527c236172043e747fc	1	3	7c1a718bf607defc4b6c5eedb752e968bb645e3bd6cc30a6ceda15187b6a18bf
1791377070	57	04d8b6c325ae12e89823866b2a292a62d7acee520954761890a1621fef79dca1c8e8df79dd8519480e5c015ae6cf3ba7de8669e260561616a36eb9c308b5983ab0	1	3	ad39af712e63f5033bc58ed808e79bb7a314f895a6898ad960b79bbfd7fb2ad0
1791377071	58	04f700a417754b775d95421973bdbdadb2d23c8a5af46f1829b1431f5c136e549e8a0d61aa0c793f1a614f8e437711c7758473c6ceb0859ac7e9e07911ca66b5c4	1	3	f88f01bce679a2c0ee3aff49a2d983463a15fa550645abe003d899e08e35d46d
1791377071	58	04dbe32c2062240a4ba0bcad01d7edd98c78b51c77765d5e1e5e9fa3743d2f12a1f82f42cd7dc4f41445979117d790f23e9b3d08d0aa06d527c236172043e747fc	1	3	c940214774d1da75587b19776ccd84f03be1f0fa466498868ed3edf6fdf3b794
1791377071	58	04d8b6c325ae12e89823866b2a292a62d7acee520954761890a1621fef79dca1c8e8df79dd8519480e5c015ae6cf3ba7de8669e260561616a36eb9c308b5983ab0	1	3	31a3398f26aeb0a1479a8cf33dccac00312a79d593c7bd8d9425b93d97408566
1791377071	59	04f700a417754b775d95421973bdbdadb2d23c8a5af46f1829b1431f5c136e549e8a0d61aa0c793f1a614f8e437711c7758473c6ceb0859ac7e9e07911ca66b5c4	1	3	983465acde440357d1327934dd8ea67d7d42dd101cfc959af12f5d3c73599895
1791377071	59	04dbe32c2062240a4ba0bcad01d7edd98c78b51c77765d5e1e5e9fa3743d2f12a1f82f42cd7dc4f41445979117d790f23e9b3d08d0aa06d527c236172043e747fc	1	3	91a3fef72d9daaf19f9fec4187472d08d3e343c14b413979b7a4c07df7270551
1791377073	59	04d8b6c325ae12e89823866b2a292a62d7acee520954761890a1621fef79dca1c8e8df79dd8519480e5c015ae6cf3ba7de8669e260561616a36eb9c308b5983ab0	1	3	b8c880f300b35f9d9bcf6a49bd5a5cbbf9d774cac70ab28b6b0f2af2e78bf1d3
1791377073	60	04f700a417754b775d95421973bdbdadb2d23c8a5af46f1829b1431f5c136e549e8a0d61aa0c793f1a614f8e437711c7758473c6ceb0859ac7e9e07911ca66b5c4	1	3	54a32c1de8b7b78c08be1c3f8ec91c091504f92294cf1bb6055d5cee88e5d2a6
1791377073	60	04d8b6c325ae12e89823866b2a292a62d7acee520954761890a1621fef79dca1c8e8df79dd8519480e5c015ae6cf3ba7de8669e260561616a36eb9c308b5983ab0	1	3	db630e9102e538f0121d0c221d3f638bee47c6ff59f3a66b63e76b8d47118b08
1791377074	60	04dbe32c2062240a4ba0bcad01d7edd98c78b51c77765d5e1e5e9fa3743d2f12a1f82f42cd7dc4f41445979117d790f23e9b3d08d0aa06d527c236172043e747fc	1	3	a418010589e603ac6d909072ce5f52a68c891e6c6899a998011851cd8b27b4b0
1791377074	61	04f700a417754b775d95421973bdbdadb2d23c8a5af46f1829b1431f5c136e549e8a0d61aa0c793f1a614f8e437711c7758473c6ceb0859ac7e9e07911ca66b5c4	1	3	b5e381e973e994a01cf99bd5996cdd6bf350a24805bf98cb4b4c4c0962d0a1c7
1791377074	61	04dbe32c2062240a4ba0bcad01d7edd98c78b51c77765d5e1e5e9fa3743d2f12a1f82f42cd7dc4f41445979117d790f23e9b3d08d0aa06d527c236172043e747fc	1	3	53981bb19cc95499cd747ea23199eb1aaf6b556bf82eb01268298517db204940
1791377074	61	04d8b6c325ae12e89823866b2a292a62d7acee520954761890a1621fef79dca1c8e8df79dd8519480e5c015ae6cf3ba7de8669e260561616a36eb9c308b5983ab0	1	3	2fa42a99eaed2710f6109d3eba03371634a74806741b7907e979b8a52ca16351
1791377075	62	04dbe32c2062240a4ba0bcad01d7edd98c78b51c77765d5e1e5e9fa3743d2f12a1f82f42cd7dc4f41445979117d790f23e9b3d08d0aa06d527c236172043e747fc	1	3	ba9914dad1e14d655599630658d17924c65cfd3a6ee8cc96dcbbaa6a00ec8847
1791377075	62	04d8b6c325ae12e89823866b2a292a62d7acee520954761890a1621fef79dca1c8e8df79dd8519480e5c015ae6cf3ba7de8669e260561616a36eb9c308b5983ab0	1	3	6bb2d7228420453b2bc25c3cd2fd5cc79a8114f660e017394c13efc6e8398d39
1791377075	62	04f700a417754b775d95421973bdbdadb2d23c8a5af46f1829b1431f5c136e549e8a0d61aa0c793f1a614f8e437711c7758473c6ceb0859ac7e9e07911ca66b5c4	1	3	5516d0d737f45589072bb87319d109819d858201e5f1ea93025850f5ca85db08
1791377076	63	04f700a417754b775d95421973bdbdadb2d23c8a5af46f1829b1431f5c136e549e8a0d61aa0c793f1a614f8e437711c7758473c6ceb0859ac7e9e07911ca66b5c4	1	3	bd4259fedf4b50a56a7b178e875cd81b559fc0f7fd264da99a53d76d05efc494
1791377076	63	04dbe32c2062240a4ba0bcad01d7edd98c78b51c77765d5e1e5e9fa3743d2f12a1f82f42cd7dc4f41445979117d790f23e9b3d08d0aa06d527c236172043e747fc	1	3	ac8bf80ce3e477d87700f73f98038c51cb10134462e358236908b89b1b47c1f2
1791377076	63	04d8b6c325ae12e89823866b2a292a62d7acee520954761890a1621fef79dca1c8e8df79dd8519480e5c015ae6cf3ba7de8669e260561616a36eb9c308b5983ab0	1	3	1b58b9e949732fa8ff6508c284a62df84d7aff102216326e266cea802dc8616a
1791377077	64	04d8b6c325ae12e89823866b2a292a62d7acee520954761890a1621fef79dca1c8e8df79dd8519480e5c015ae6cf3ba7de8669e260561616a36eb9c308b5983ab0	1	3	6b9a1fe74bc46c420941255f53a9aa0cc67ab02481939586a17f8bfc3088effc
1791377077	64	04f700a417754b775d95421973bdbdadb2d23c8a5af46f1829b1431f5c136e549e8a0d61aa0c793f1a614f8e437711c7758473c6ceb0859ac7e9e07911ca66b5c4	1	3	4ea90ccb90d1af629198f385241c2607be5fde987a9c7b4afee9f8255d5f722c
1791377077	64	04dbe32c2062240a4ba0bcad01d7edd98c78b51c77765d5e1e5e9fa3743d2f12a1f82f42cd7dc4f41445979117d790f23e9b3d08d0aa06d527c236172043e747fc	1	3	33d88479ae1623344080cdcb75ab512e18aef182af8b56a1c4dd09cadb60c591
1791377079	65	04dbe32c2062240a4ba0bcad01d7edd98c78b51c77765d5e1e5e9fa3743d2f12a1f82f42cd7dc4f41445979117d790f23e9b3d08d0aa06d527c236172043e747fc	1	3	b9b66ef3407fdbf818b7794b666f1f5cf5493cea886aa4d66e307c1529be6b11
1791377079	65	04d8b6c325ae12e89823866b2a292a62d7acee520954761890a1621fef79dca1c8e8df79dd8519480e5c015ae6cf3ba7de8669e260561616a36eb9c308b5983ab0	1	3	992f0f4601618d289965af89a9b028624977f316281a646815d036056101dcc1
1791377079	65	04f700a417754b775d95421973bdbdadb2d23c8a5af46f1829b1431f5c136e549e8a0d61aa0c793f1a614f8e437711c7758473c6ceb0859ac7e9e07911ca66b5c4	1	3	75df5504c65d67bb92f3be7aeb16f66e7f488fa8703e8cf8f86038bbb406e9b9
1791377079	66	04f700a417754b775d95421973bdbdadb2d23c8a5af46f1829b1431f5c136e549e8a0d61aa0c793f1a614f8e437711c7758473c6ceb0859ac7e9e07911ca66b5c4	1	3	a7851453bffd806cb156afb1181ce80d4d545bc69897326e1c7c9d170379d3ea
1791377079	66	04d8b6c325ae12e89823866b2a292a62d7acee520954761890a1621fef79dca1c8e8df79dd8519480e5c015ae6cf3ba7de8669e260561616a36eb9c308b5983ab0	1	3	3d7e15fa36d5e7a253bfc9edff2ae56f77c12152d30cf2dfa3f9e6cdba00e3f9
1791377080	66	04dbe32c2062240a4ba0bcad01d7edd98c78b51c77765d5e1e5e9fa3743d2f12a1f82f42cd7dc4f41445979117d790f23e9b3d08d0aa06d527c236172043e747fc	1	3	ba7bee9a189639b989bf283666231519522bbc4334db3d19caa06f1477cfaa11
1791377080	67	04dbe32c2062240a4ba0bcad01d7edd98c78b51c77765d5e1e5e9fa3743d2f12a1f82f42cd7dc4f41445979117d790f23e9b3d08d0aa06d527c236172043e747fc	1	3	f63b28df81292cafcdffd4b090cf661038154ab3b932868f361cca83c72f1083
1791377080	67	04f700a417754b775d95421973bdbdadb2d23c8a5af46f1829b1431f5c136e549e8a0d61aa0c793f1a614f8e437711c7758473c6ceb0859ac7e9e07911ca66b5c4	1	3	8bd8b7c39f7c5d5ac30658c690cd5ba460edb44dde8be813fc8e42afe448ff59
1791377080	67	04d8b6c325ae12e89823866b2a292a62d7acee520954761890a1621fef79dca1c8e8df79dd8519480e5c015ae6cf3ba7de8669e260561616a36eb9c308b5983ab0	1	3	f780ec7c51e50729d16d1aefc1aa7f90caf89e542193a32c27ca6fda5b18e405
1791377081	68	04f700a417754b775d95421973bdbdadb2d23c8a5af46f1829b1431f5c136e549e8a0d61aa0c793f1a614f8e437711c7758473c6ceb0859ac7e9e07911ca66b5c4	1	3	722b210cca8befeb1bd101fd12512213ca10e6c80e876b41ff0ec96aa12e7f34
1791377081	68	04d8b6c325ae12e89823866b2a292a62d7acee520954761890a1621fef79dca1c8e8df79dd8519480e5c015ae6cf3ba7de8669e260561616a36eb9c308b5983ab0	1	3	6bb617ae2d04af6a36fef86b8d143e287682ba4fcd76d128e3531cbca9896318
1791377082	68	04dbe32c2062240a4ba0bcad01d7edd98c78b51c77765d5e1e5e9fa3743d2f12a1f82f42cd7dc4f41445979117d790f23e9b3d08d0aa06d527c236172043e747fc	1	3	25b58e83d5b0161fa3df083f793a3973505d402164cb36bbb5e794011db59714
1791377082	69	04f700a417754b775d95421973bdbdadb2d23c8a5af46f1829b1431f5c136e549e8a0d61aa0c793f1a614f8e437711c7758473c6ceb0859ac7e9e07911ca66b5c4	1	3	d194dcdb0c12fe4090f274614eef26c928663eb0c4bef697f4d066f3466b5f81
1791377082	69	04dbe32c2062240a4ba0bcad01d7edd98c78b51c77765d5e1e5e9fa3743d2f12a1f82f42cd7dc4f41445979117d790f23e9b3d08d0aa06d527c236172043e747fc	1	3	04ab510236495a36c7bb65813d472f56a9782b05a9a8672f47153f048a3ae6e9
1791377082	69	04d8b6c325ae12e89823866b2a292a62d7acee520954761890a1621fef79dca1c8e8df79dd8519480e5c015ae6cf3ba7de8669e260561616a36eb9c308b5983ab0	1	3	d6e891d5469b964e7407692748531378dc351ebdd5d4ab6694439f7268db1e08
1791377084	70	04d8b6c325ae12e89823866b2a292a62d7acee520954761890a1621fef79dca1c8e8df79dd8519480e5c015ae6cf3ba7de8669e260561616a36eb9c308b5983ab0	1	3	f02b9e1b3a15a40d5374b223c5f09ee49ac072b2ad0c4721aaab93a90e8c8c72
1791377084	70	04dbe32c2062240a4ba0bcad01d7edd98c78b51c77765d5e1e5e9fa3743d2f12a1f82f42cd7dc4f41445979117d790f23e9b3d08d0aa06d527c236172043e747fc	1	3	d958ed62ce46122c1f600871723f8dc166eee7076ed17ddd951e76a43a32fe11
1791377084	70	04f700a417754b775d95421973bdbdadb2d23c8a5af46f1829b1431f5c136e549e8a0d61aa0c793f1a614f8e437711c7758473c6ceb0859ac7e9e07911ca66b5c4	1	3	4d522d9875677e540838316c9ab2f45879414f250ec709c2cf76981db29de049
1791377084	71	04f700a417754b775d95421973bdbdadb2d23c8a5af46f1829b1431f5c136e549e8a0d61aa0c793f1a614f8e437711c7758473c6ceb0859ac7e9e07911ca66b5c4	1	3	a2aa704e981f26bbd1b429de9bb4ced858331c1db5351a04342f03ac5569bea5
1791377084	71	04dbe32c2062240a4ba0bcad01d7edd98c78b51c77765d5e1e5e9fa3743d2f12a1f82f42cd7dc4f41445979117d790f23e9b3d08d0aa06d527c236172043e747fc	1	3	3154127b2a9cacbadccf255cbb7462ae7faa1d869872d4804f0d4dc45780976f
1791377085	71	04d8b6c325ae12e89823866b2a292a62d7acee520954761890a1621fef79dca1c8e8df79dd8519480e5c015ae6cf3ba7de8669e260561616a36eb9c308b5983ab0	1	3	0de99e081d11f9078bdd3947485f13e9b3edbf947ed7bdd696a2173c70cb446c
1791377085	72	04d8b6c325ae12e89823866b2a292a62d7acee520954761890a1621fef79dca1c8e8df79dd8519480e5c015ae6cf3ba7de8669e260561616a36eb9c308b5983ab0	1	3	3a3303a72f0576e90c969a3fa8bcd38b7d258190e67ae1cf09aa263477985966
1791377085	72	04f700a417754b775d95421973bdbdadb2d23c8a5af46f1829b1431f5c136e549e8a0d61aa0c793f1a614f8e437711c7758473c6ceb0859ac7e9e07911ca66b5c4	1	3	0360c889d864ac967f66f94eb83468721efafef9cfcec4cb7b136919c215921c
1791377085	72	04dbe32c2062240a4ba0bcad01d7edd98c78b51c77765d5e1e5e9fa3743d2f12a1f82f42cd7dc4f41445979117d790f23e9b3d08d0aa06d527c236172043e747fc	1	3	0811efd0ffc85e17b56588e87f1a0df451869af370dc49bc66e255fb2784614a
1791377086	73	04f700a417754b775d95421973bdbdadb2d23c8a5af46f1829b1431f5c136e549e8a0d61aa0c793f1a614f8e437711c7758473c6ceb0859ac7e9e07911ca66b5c4	1	3	ae3eb078f55d5511a413e28d7b2965ac7611631a3a63da3472424759202ca4da
1791377086	73	04d8b6c325ae12e89823866b2a292a62d7acee520954761890a1621fef79dca1c8e8df79dd8519480e5c015ae6cf3ba7de8669e260561616a36eb9c308b5983ab0	1	3	a5a4a1eb1495339ca425b9f60b40a8f17063640d00fd43bab0dbf51f8e4740c4
1791377086	73	04dbe32c2062240a4ba0bcad01d7edd98c78b51c77765d5e1e5e9fa3743d2f12a1f82f42cd7dc4f41445979117d790f23e9b3d08d0aa06d527c236172043e747fc	1	3	54870b235885eba971cb56fab152929b92537ff1816637fcac8d84df9f5e2c5c
1791377087	74	04f700a417754b775d95421973bdbdadb2d23c8a5af46f1829b1431f5c136e549e8a0d61aa0c793f1a614f8e437711c7758473c6ceb0859ac7e9e07911ca66b5c4	1	3	a4a350423a9110fd5c8511fe2eacf92e5fc79878e245be1f53d457d890c9f4b0
1791377087	74	04d8b6c325ae12e89823866b2a292a62d7acee520954761890a1621fef79dca1c8e8df79dd8519480e5c015ae6cf3ba7de8669e260561616a36eb9c308b5983ab0	1	3	4626710e9df70fdd5d436987273203e576650aeb9fb533b9163840757d305832
1791377087	74	04dbe32c2062240a4ba0bcad01d7edd98c78b51c77765d5e1e5e9fa3743d2f12a1f82f42cd7dc4f41445979117d790f23e9b3d08d0aa06d527c236172043e747fc	1	3	1599aecc5bca0f69e60ca1d61fdfabdd313097688697ef51c997255a3f3a130b
1791377087	75	04f700a417754b775d95421973bdbdadb2d23c8a5af46f1829b1431f5c136e549e8a0d61aa0c793f1a614f8e437711c7758473c6ceb0859ac7e9e07911ca66b5c4	1	3	6f1e63a248f0e968967d35f94d78a07d764839ad7711f813278003eab6180fe0
1791377087	75	04dbe32c2062240a4ba0bcad01d7edd98c78b51c77765d5e1e5e9fa3743d2f12a1f82f42cd7dc4f41445979117d790f23e9b3d08d0aa06d527c236172043e747fc	1	3	0bc0521206e84d35708cc93af726e4cde702aaa0b9eaa5606b9d10449c456af9
1791377087	75	04d8b6c325ae12e89823866b2a292a62d7acee520954761890a1621fef79dca1c8e8df79dd8519480e5c015ae6cf3ba7de8669e260561616a36eb9c308b5983ab0	1	3	899546be0677a74c1e965fe77913adc29bde8ddf3c571e22266a27e887daf7d3
1791377088	76	04d8b6c325ae12e89823866b2a292a62d7acee520954761890a1621fef79dca1c8e8df79dd8519480e5c015ae6cf3ba7de8669e260561616a36eb9c308b5983ab0	1	3	d47f149d84689f533eeea94bea5a6f88425a3e95737f4ad21e8c62462827a273
1791377088	76	04f700a417754b775d95421973bdbdadb2d23c8a5af46f1829b1431f5c136e549e8a0d61aa0c793f1a614f8e437711c7758473c6ceb0859ac7e9e07911ca66b5c4	1	3	b58b4ba46801a96cb21d63cfcdb6ef0a7100c7dcf28ea2613a045b9f7c11aaf3
1791377088	76	04dbe32c2062240a4ba0bcad01d7edd98c78b51c77765d5e1e5e9fa3743d2f12a1f82f42cd7dc4f41445979117d790f23e9b3d08d0aa06d527c236172043e747fc	1	3	5cff199458b060ad0299e8d1a8661d319373d01e8b59a3b9bf621a0bba52422f
1791377090	77	04d8b6c325ae12e89823866b2a292a62d7acee520954761890a1621fef79dca1c8e8df79dd8519480e5c015ae6cf3ba7de8669e260561616a36eb9c308b5983ab0	1	3	db163398424e9555dd951b919f5d3ab15d25cef72c25b19b8d77640a889d9b7d
1791377090	77	04dbe32c2062240a4ba0bcad01d7edd98c78b51c77765d5e1e5e9fa3743d2f12a1f82f42cd7dc4f41445979117d790f23e9b3d08d0aa06d527c236172043e747fc	1	3	d256db38f42739aa8ba045e635ec243a0b803b9846246c1e07e9e53c1b9f9350
1791377090	77	04f700a417754b775d95421973bdbdadb2d23c8a5af46f1829b1431f5c136e549e8a0d61aa0c793f1a614f8e437711c7758473c6ceb0859ac7e9e07911ca66b5c4	1	3	1fecee3312a0f5cdc10edb22fb67f7683550f7016273b36c27986163c2f6a8e6
1791377091	78	04dbe32c2062240a4ba0bcad01d7edd98c78b51c77765d5e1e5e9fa3743d2f12a1f82f42cd7dc4f41445979117d790f23e9b3d08d0aa06d527c236172043e747fc	1	3	6832bffdfad41014fbb77857c3e0c754f535659278e5b4b2cc5d032c735a0ebf
1791377091	78	04d8b6c325ae12e89823866b2a292a62d7acee520954761890a1621fef79dca1c8e8df79dd8519480e5c015ae6cf3ba7de8669e260561616a36eb9c308b5983ab0	1	3	6127aaf35791af7a09ddb539dd4b816e1b05f488678d2cae4810f577e361385f
1791377091	78	04f700a417754b775d95421973bdbdadb2d23c8a5af46f1829b1431f5c136e549e8a0d61aa0c793f1a614f8e437711c7758473c6ceb0859ac7e9e07911ca66b5c4	1	3	4a3ac900f7389df9094e2aac713462cabc841c15abef5d63a73a3be66bc5a0b9
1791377092	79	04f700a417754b775d95421973bdbdadb2d23c8a5af46f1829b1431f5c136e549e8a0d61aa0c793f1a614f8e437711c7758473c6ceb0859ac7e9e07911ca66b5c4	1	3	ca174a3f72e99f81c3677c711a3a8d90f4790ccaf01cd4c8990badc53a493d0e
1791377092	79	04dbe32c2062240a4ba0bcad01d7edd98c78b51c77765d5e1e5e9fa3743d2f12a1f82f42cd7dc4f41445979117d790f23e9b3d08d0aa06d527c236172043e747fc	1	3	6f10b02687bf19b4013da01033c4da4f6709ae6bc29036826c465cf61a66216f
1791377092	79	04d8b6c325ae12e89823866b2a292a62d7acee520954761890a1621fef79dca1c8e8df79dd8519480e5c015ae6cf3ba7de8669e260561616a36eb9c308b5983ab0	1	3	095745e91f48d62681325036c63af28784ddacf82f6c5e3a9b82998b6ad629f0
1791377092	80	04f700a417754b775d95421973bdbdadb2d23c8a5af46f1829b1431f5c136e549e8a0d61aa0c793f1a614f8e437711c7758473c6ceb0859ac7e9e07911ca66b5c4	1	3	b4dd0b8899aa4d52734408b12fc326af98fa8e4cadc980d1681df5ce5fa27387
1791377092	80	04d8b6c325ae12e89823866b2a292a62d7acee520954761890a1621fef79dca1c8e8df79dd8519480e5c015ae6cf3ba7de8669e260561616a36eb9c308b5983ab0	1	3	3898f531ba8e5ac009aa29e4ede484ab947c9aa7669cc68f45ae2fca7a379c05
1791377093	80	04dbe32c2062240a4ba0bcad01d7edd98c78b51c77765d5e1e5e9fa3743d2f12a1f82f42cd7dc4f41445979117d790f23e9b3d08d0aa06d527c236172043e747fc	1	3	b5047c9afe20b6498d1c0a4c45cae43520e1a584727a57d3aec67cd03740b253
1791377093	81	04f700a417754b775d95421973bdbdadb2d23c8a5af46f1829b1431f5c136e549e8a0d61aa0c793f1a614f8e437711c7758473c6ceb0859ac7e9e07911ca66b5c4	1	3	7c5df6b681e834916f08ac68313cb948a19eb5703c0c4b940d3d3a29d0e4e9e0
1791377093	81	04dbe32c2062240a4ba0bcad01d7edd98c78b51c77765d5e1e5e9fa3743d2f12a1f82f42cd7dc4f41445979117d790f23e9b3d08d0aa06d527c236172043e747fc	1	3	06f47c2ad527239a7fa671e3f2f09ce07eeadd4268fb088625d3343167d62e84
1791377093	81	04d8b6c325ae12e89823866b2a292a62d7acee520954761890a1621fef79dca1c8e8df79dd8519480e5c015ae6cf3ba7de8669e260561616a36eb9c308b5983ab0	1	3	addc8469e38505743cc5b76926bcb8e54203b81cf03927ae4b57fa90e67019fa
1791377094	82	04d8b6c325ae12e89823866b2a292a62d7acee520954761890a1621fef79dca1c8e8df79dd8519480e5c015ae6cf3ba7de8669e260561616a36eb9c308b5983ab0	1	3	f5eb55a4897ad3867bb3abf23ecdd02096ada0248619eac7aaa207e4b43ff91d
1791377094	82	04f700a417754b775d95421973bdbdadb2d23c8a5af46f1829b1431f5c136e549e8a0d61aa0c793f1a614f8e437711c7758473c6ceb0859ac7e9e07911ca66b5c4	1	3	2d2e80e3a90939bd266094f25e6d08294089feb3c7f8b6a046e9955efdbf8a52
1791377094	82	04dbe32c2062240a4ba0bcad01d7edd98c78b51c77765d5e1e5e9fa3743d2f12a1f82f42cd7dc4f41445979117d790f23e9b3d08d0aa06d527c236172043e747fc	1	3	07953d30e93580ac2299cbc82cc45b2c597e211b116be399e29f32148b5c0711
1791377096	83	04f700a417754b775d95421973bdbdadb2d23c8a5af46f1829b1431f5c136e549e8a0d61aa0c793f1a614f8e437711c7758473c6ceb0859ac7e9e07911ca66b5c4	1	3	c677b4dadfb442b3f8e5dabee89ac34d513ebaf9d08208e86fda2152e4cc5056
1791377096	83	04dbe32c2062240a4ba0bcad01d7edd98c78b51c77765d5e1e5e9fa3743d2f12a1f82f42cd7dc4f41445979117d790f23e9b3d08d0aa06d527c236172043e747fc	1	3	bb3d21bae30308d545cb458afc54b02185fe4bf1e04d7e8b8ca2c66664aad176
1791377096	83	04d8b6c325ae12e89823866b2a292a62d7acee520954761890a1621fef79dca1c8e8df79dd8519480e5c015ae6cf3ba7de8669e260561616a36eb9c308b5983ab0	1	3	1c603a7ae9a2bc7367efb25546132aa1d754566cb18b7349c4c37aacc8e1ef45
1791377096	84	04f700a417754b775d95421973bdbdadb2d23c8a5af46f1829b1431f5c136e549e8a0d61aa0c793f1a614f8e437711c7758473c6ceb0859ac7e9e07911ca66b5c4	1	3	77b1a97664d706932dfbe2f9aadb67cca595ecd02f432e931255453a64dd4c6b
1791377096	84	04d8b6c325ae12e89823866b2a292a62d7acee520954761890a1621fef79dca1c8e8df79dd8519480e5c015ae6cf3ba7de8669e260561616a36eb9c308b5983ab0	1	3	a96b4baf02981542aa285eec39ef78a6a08c11c3b85e39c175e3c67af2143af5
1791377097	84	04dbe32c2062240a4ba0bcad01d7edd98c78b51c77765d5e1e5e9fa3743d2f12a1f82f42cd7dc4f41445979117d790f23e9b3d08d0aa06d527c236172043e747fc	1	3	3eba932ca3695bac847df7224855314275c8e66f89646eb996279a5d49e917d4
1791377097	85	04f700a417754b775d95421973bdbdadb2d23c8a5af46f1829b1431f5c136e549e8a0d61aa0c793f1a614f8e437711c7758473c6ceb0859ac7e9e07911ca66b5c4	1	3	c24e0c1e4270bd1b31d5841159b0c6ca6c0a39b0e17c4d000d2e8a0d4ed0a329
1791377097	85	04dbe32c2062240a4ba0bcad01d7edd98c78b51c77765d5e1e5e9fa3743d2f12a1f82f42cd7dc4f41445979117d790f23e9b3d08d0aa06d527c236172043e747fc	1	3	a8699a4db9faf9f33b1a46ff5e5f87062d32f88bb289813490e523c1037ae1b2
1791377097	85	04d8b6c325ae12e89823866b2a292a62d7acee520954761890a1621fef79dca1c8e8df79dd8519480e5c015ae6cf3ba7de8669e260561616a36eb9c308b5983ab0	1	3	fcf0d8a3ab0a24071a984d7b45b55d84ffb088f94221d761de6e8ccf8ed37b17
1791377098	86	04f700a417754b775d95421973bdbdadb2d23c8a5af46f1829b1431f5c136e549e8a0d61aa0c793f1a614f8e437711c7758473c6ceb0859ac7e9e07911ca66b5c4	1	3	2534ecf2673b9e2da81278615dc3b4048ccfefbcf64dfc79ba3302a0dfe0dfc4
1791377098	86	04d8b6c325ae12e89823866b2a292a62d7acee520954761890a1621fef79dca1c8e8df79dd8519480e5c015ae6cf3ba7de8669e260561616a36eb9c308b5983ab0	1	3	1526cc9510e99aadba7f163cd6619620d32e5454f68349f87cbd550323b407cc
1791377099	86	04dbe32c2062240a4ba0bcad01d7edd98c78b51c77765d5e1e5e9fa3743d2f12a1f82f42cd7dc4f41445979117d790f23e9b3d08d0aa06d527c236172043e747fc	1	3	5b0c8376573c10817f50a17faa9789d96b5e8e7b24eeb671a14c789fdfdf4525
1791377099	87	04f700a417754b775d95421973bdbdadb2d23c8a5af46f1829b1431f5c136e549e8a0d61aa0c793f1a614f8e437711c7758473c6ceb0859ac7e9e07911ca66b5c4	1	3	777ddc9b7a3d988f4cd02c8b56e2fa6029e08d03509bd4c095a2d5213a1332f0
1791377099	87	04dbe32c2062240a4ba0bcad01d7edd98c78b51c77765d5e1e5e9fa3743d2f12a1f82f42cd7dc4f41445979117d790f23e9b3d08d0aa06d527c236172043e747fc	1	3	7315df4e3b3a491c761a8645296b2db48ff53b4a0b8e99dc38f6b93b089c2371
1791377099	87	04d8b6c325ae12e89823866b2a292a62d7acee520954761890a1621fef79dca1c8e8df79dd8519480e5c015ae6cf3ba7de8669e260561616a36eb9c308b5983ab0	1	3	c0f61ba62c32270e365bfcc04bc0087ffc7d76dc82d22c92eee59ab5d6ba49fb
1791377101	88	04dbe32c2062240a4ba0bcad01d7edd98c78b51c77765d5e1e5e9fa3743d2f12a1f82f42cd7dc4f41445979117d790f23e9b3d08d0aa06d527c236172043e747fc	1	3	f20be16a22ce9e7e841c21a604fcfa6c1c37c2212ccc202d8e134408eeaf4767
1791377101	88	04f700a417754b775d95421973bdbdadb2d23c8a5af46f1829b1431f5c136e549e8a0d61aa0c793f1a614f8e437711c7758473c6ceb0859ac7e9e07911ca66b5c4	1	3	cb6c50d8c0f6547af9b8481841b853c75ba2166c78d12c2110ca6a2dd6ead640
1791377101	88	04d8b6c325ae12e89823866b2a292a62d7acee520954761890a1621fef79dca1c8e8df79dd8519480e5c015ae6cf3ba7de8669e260561616a36eb9c308b5983ab0	1	3	af74aafc6807d6041c6ec2967e41b097f833ad375d2b743fb597e7650274c84b
1791377102	89	04d8b6c325ae12e89823866b2a292a62d7acee520954761890a1621fef79dca1c8e8df79dd8519480e5c015ae6cf3ba7de8669e260561616a36eb9c308b5983ab0	1	3	e3850c465d0a3f4a86b37375c196a3c8bc538245b41ec8397ff6efd977e0ee08
1791377102	89	04dbe32c2062240a4ba0bcad01d7edd98c78b51c77765d5e1e5e9fa3743d2f12a1f82f42cd7dc4f41445979117d790f23e9b3d08d0aa06d527c236172043e747fc	1	3	e3354d0709d8c0a1def1c5ed24b6a899c5d5380f8c4c1e913fd939c1da28aecb
1791377102	89	04f700a417754b775d95421973bdbdadb2d23c8a5af46f1829b1431f5c136e549e8a0d61aa0c793f1a614f8e437711c7758473c6ceb0859ac7e9e07911ca66b5c4	1	3	5169d94afd385048cea9142c56e6e5350cb5aa0f64f41de0e252b0d745260b85
1791377102	90	04f700a417754b775d95421973bdbdadb2d23c8a5af46f1829b1431f5c136e549e8a0d61aa0c793f1a614f8e437711c7758473c6ceb0859ac7e9e07911ca66b5c4	1	3	4c19e87989d3012ca71449661de4262b7edd491b707f329f48ff5d1b9ec6e245
1791377102	90	04d8b6c325ae12e89823866b2a292a62d7acee520954761890a1621fef79dca1c8e8df79dd8519480e5c015ae6cf3ba7de8669e260561616a36eb9c308b5983ab0	1	3	be6b19353a0fedd67d7ad8662f6563687784e9eb4aba7b0a3277ac673ce83b42
1791377103	90	04dbe32c2062240a4ba0bcad01d7edd98c78b51c77765d5e1e5e9fa3743d2f12a1f82f42cd7dc4f41445979117d790f23e9b3d08d0aa06d527c236172043e747fc	1	3	aaffc52dbfd29555898285bfc7e507ba0a5d70f3adbfd52a06b6f9037083c335
1791377103	91	04dbe32c2062240a4ba0bcad01d7edd98c78b51c77765d5e1e5e9fa3743d2f12a1f82f42cd7dc4f41445979117d790f23e9b3d08d0aa06d527c236172043e747fc	1	3	c7a5e8568bcaea943a9f149da95b80eecf7c4c60ed9bd47bfd9d5e6496302453
1791377103	91	04f700a417754b775d95421973bdbdadb2d23c8a5af46f1829b1431f5c136e549e8a0d61aa0c793f1a614f8e437711c7758473c6ceb0859ac7e9e07911ca66b5c4	1	3	1caa76c205ffe98108454939bc2a71cdc28dc4049ac3b9aae1b15d1e4b4cf883
1791377103	91	04d8b6c325ae12e89823866b2a292a62d7acee520954761890a1621fef79dca1c8e8df79dd8519480e5c015ae6cf3ba7de8669e260561616a36eb9c308b5983ab0	1	3	0593aeb7631e3a0e71ba0c7754bd2c34c98ff4c807309ac759c313c020918281
1791377104	92	04f700a417754b775d95421973bdbdadb2d23c8a5af46f1829b1431f5c136e549e8a0d61aa0c793f1a614f8e437711c7758473c6ceb0859ac7e9e07911ca66b5c4	1	3	8a2c8f1c3202ba37507b617830a1420cff1fc2202c4797d2f8746e1db5100dbb
1791377104	92	04dbe32c2062240a4ba0bcad01d7edd98c78b51c77765d5e1e5e9fa3743d2f12a1f82f42cd7dc4f41445979117d790f23e9b3d08d0aa06d527c236172043e747fc	1	3	088058fdcf79a8ed6f5bf32588decee9b864052d656286fa356a7804d656aadb
1791377104	92	04d8b6c325ae12e89823866b2a292a62d7acee520954761890a1621fef79dca1c8e8df79dd8519480e5c015ae6cf3ba7de8669e260561616a36eb9c308b5983ab0	1	3	00f3af43094cc79c3356c82862680693663fc5153ae0fca8296336c4a18ce0dc
1791377104	93	04f700a417754b775d95421973bdbdadb2d23c8a5af46f1829b1431f5c136e549e8a0d61aa0c793f1a614f8e437711c7758473c6ceb0859ac7e9e07911ca66b5c4	1	3	8ff060c583c6927ee87f8a848aa9f44e450eac4f5344b284232604cbebdc3c6b
1791377104	93	04dbe32c2062240a4ba0bcad01d7edd98c78b51c77765d5e1e5e9fa3743d2f12a1f82f42cd7dc4f41445979117d790f23e9b3d08d0aa06d527c236172043e747fc	1	3	691934a401e8a945dcae282224b8942debb8f21a86bd41890ec93cf1f0f51b0c
1791377105	93	04d8b6c325ae12e89823866b2a292a62d7acee520954761890a1621fef79dca1c8e8df79dd8519480e5c015ae6cf3ba7de8669e260561616a36eb9c308b5983ab0	1	3	dd7af303d5a3ad3814cb03098a4b83d11406ac80cfbd0fa66615ac94ef52fae7
1791377105	94	04dbe32c2062240a4ba0bcad01d7edd98c78b51c77765d5e1e5e9fa3743d2f12a1f82f42cd7dc4f41445979117d790f23e9b3d08d0aa06d527c236172043e747fc	1	3	94751d9988cf0d227d172a04a6b590d2020a8414cd85a5e3a423dcd3ab815ad7
1791377105	94	04f700a417754b775d95421973bdbdadb2d23c8a5af46f1829b1431f5c136e549e8a0d61aa0c793f1a614f8e437711c7758473c6ceb0859ac7e9e07911ca66b5c4	1	3	5a019bf1366b0c684ad0d3de2ac7913724a646d3c6e32cd2998d705a343b85cc
1791377105	94	04d8b6c325ae12e89823866b2a292a62d7acee520954761890a1621fef79dca1c8e8df79dd8519480e5c015ae6cf3ba7de8669e260561616a36eb9c308b5983ab0	1	3	30fdac4e7bd7b7acab6acfbb61e666168d366d5212534f67d8b2620277f9a47f
1791377107	95	04dbe32c2062240a4ba0bcad01d7edd98c78b51c77765d5e1e5e9fa3743d2f12a1f82f42cd7dc4f41445979117d790f23e9b3d08d0aa06d527c236172043e747fc	1	3	f377ced28a34dfd1756ae8f533f6c8ede12d888d1917432ca541c9941bf99a7e
1791377107	95	04d8b6c325ae12e89823866b2a292a62d7acee520954761890a1621fef79dca1c8e8df79dd8519480e5c015ae6cf3ba7de8669e260561616a36eb9c308b5983ab0	1	3	4f1fd50d715e4169be398a18ea9a8f9458785baa64478a43d7f8dd0e842a2e51
1791377107	95	04f700a417754b775d95421973bdbdadb2d23c8a5af46f1829b1431f5c136e549e8a0d61aa0c793f1a614f8e437711c7758473c6ceb0859ac7e9e07911ca66b5c4	1	3	4143284834d0043ee9047a23fd3f260c8565b20a8bf9b5a89b058aed6926e301
1791377107	96	04f700a417754b775d95421973bdbdadb2d23c8a5af46f1829b1431f5c136e549e8a0d61aa0c793f1a614f8e437711c7758473c6ceb0859ac7e9e07911ca66b5c4	1	3	7a1eeb042cdc6b8f69e6bce2a3b465a8dc5ee24d9882135afa98afc2af7f42d2
1791377107	96	04d8b6c325ae12e89823866b2a292a62d7acee520954761890a1621fef79dca1c8e8df79dd8519480e5c015ae6cf3ba7de8669e260561616a36eb9c308b5983ab0	1	3	7e535c9d3e0d983b21f15bc07eeea93207bcd5702c2902458fcac99ba50ab595
1791377108	96	04dbe32c2062240a4ba0bcad01d7edd98c78b51c77765d5e1e5e9fa3743d2f12a1f82f42cd7dc4f41445979117d790f23e9b3d08d0aa06d527c236172043e747fc	1	3	53d8280a95a69275d5abab7753dc1e72bcacd3611917a5ae12c449f874a9b340
1791377108	97	04dbe32c2062240a4ba0bcad01d7edd98c78b51c77765d5e1e5e9fa3743d2f12a1f82f42cd7dc4f41445979117d790f23e9b3d08d0aa06d527c236172043e747fc	1	3	5ebb96fbe78b478f49eafe02999aeede02abf47dd3d3e7cce04bd0fdcad30b07
1791377108	97	04f700a417754b775d95421973bdbdadb2d23c8a5af46f1829b1431f5c136e549e8a0d61aa0c793f1a614f8e437711c7758473c6ceb0859ac7e9e07911ca66b5c4	1	3	311046b5bd1543b3a0d255b455f50faba5f2f885ff2b21d45d72f77341bb4892
1791377108	97	04d8b6c325ae12e89823866b2a292a62d7acee520954761890a1621fef79dca1c8e8df79dd8519480e5c015ae6cf3ba7de8669e260561616a36eb9c308b5983ab0	1	3	098e738588c23ac9d554c4c05794bcb56203616f382248b8aaff7c7efb8837ad
1791377109	98	04dbe32c2062240a4ba0bcad01d7edd98c78b51c77765d5e1e5e9fa3743d2f12a1f82f42cd7dc4f41445979117d790f23e9b3d08d0aa06d527c236172043e747fc	1	3	87dca33eac1aef4bb918b930e49c32679305f8245dceb51d798978aab450937a
1791377109	98	04d8b6c325ae12e89823866b2a292a62d7acee520954761890a1621fef79dca1c8e8df79dd8519480e5c015ae6cf3ba7de8669e260561616a36eb9c308b5983ab0	1	3	73fca8c875882d37a98df68fe40e6b3dd23680608183a7521c82041887a11d68
1791377109	98	04f700a417754b775d95421973bdbdadb2d23c8a5af46f1829b1431f5c136e549e8a0d61aa0c793f1a614f8e437711c7758473c6ceb0859ac7e9e07911ca66b5c4	1	3	5f08f0155870d094acfd3a64660243f24d6688daace7c0528e5ab434fb7bce13
1791377109	99	04f700a417754b775d95421973bdbdadb2d23c8a5af46f1829b1431f5c136e549e8a0d61aa0c793f1a614f8e437711c7758473c6ceb0859ac7e9e07911ca66b5c4	1	3	35b62ac4e0eebe32188ccff258a677df3d7b26edb4b7b69ab41f29065de0da49
1791377109	99	04dbe32c2062240a4ba0bcad01d7edd98c78b51c77765d5e1e5e9fa3743d2f12a1f82f42cd7dc4f41445979117d790f23e9b3d08d0aa06d527c236172043e747fc	1	3	92113bf0aa60d84cdae5a0261c17eadd42e73f938b548d227a9962c92a4cb2d1
1791377110	99	04d8b6c325ae12e89823866b2a292a62d7acee520954761890a1621fef79dca1c8e8df79dd8519480e5c015ae6cf3ba7de8669e260561616a36eb9c308b5983ab0	1	3	c583f969281f10285580d3ff4ad299a9d847d3fde02b9c7ea5414d6b7fe96f3e
1791377112	100	04dbe32c2062240a4ba0bcad01d7edd98c78b51c77765d5e1e5e9fa3743d2f12a1f82f42cd7dc4f41445979117d790f23e9b3d08d0aa06d527c236172043e747fc	1	3	93a812ada7c0753a00a3b2cd06e50af8d800d3a9ab068bf7494ade9a248e5746
1791377112	100	04d8b6c325ae12e89823866b2a292a62d7acee520954761890a1621fef79dca1c8e8df79dd8519480e5c015ae6cf3ba7de8669e260561616a36eb9c308b5983ab0	1	3	484cac869cb9ddef84109dc0a652abc8634088de847f165a7759cc4f7ff7b220
1791377112	100	04f700a417754b775d95421973bdbdadb2d23c8a5af46f1829b1431f5c136e549e8a0d61aa0c793f1a614f8e437711c7758473c6ceb0859ac7e9e07911ca66b5c4	1	3	255ddd43e35aab4a4e06b6dad9ed19cc4535991500318d5fc7ef70a0ab7dba1f
1791377113	101	04d8b6c325ae12e89823866b2a292a62d7acee520954761890a1621fef79dca1c8e8df79dd8519480e5c015ae6cf3ba7de8669e260561616a36eb9c308b5983ab0	1	3	a094e98bc41a54354c7fd79628c8ef2bf33c525624b549bdd3a2387f64dbdd13
1791377113	101	04dbe32c2062240a4ba0bcad01d7edd98c78b51c77765d5e1e5e9fa3743d2f12a1f82f42cd7dc4f41445979117d790f23e9b3d08d0aa06d527c236172043e747fc	1	3	473f195cfd15735af4ed0ea80bf48b13743f95b333618592b7a374fe7c889df8
1791377113	101	04f700a417754b775d95421973bdbdadb2d23c8a5af46f1829b1431f5c136e549e8a0d61aa0c793f1a614f8e437711c7758473c6ceb0859ac7e9e07911ca66b5c4	1	3	3c27896e5b92b95d31acb05b8fa8be8ce99ee1becf4447324429e9526ede3b9f
1791377113	102	04f700a417754b775d95421973bdbdadb2d23c8a5af46f1829b1431f5c136e549e8a0d61aa0c793f1a614f8e437711c7758473c6ceb0859ac7e9e07911ca66b5c4	1	3	c926fa7c2635b1756a54fb0c8d8db8f544585925655068decf2df6d886720d24
1791377113	102	04dbe32c2062240a4ba0bcad01d7edd98c78b51c77765d5e1e5e9fa3743d2f12a1f82f42cd7dc4f41445979117d790f23e9b3d08d0aa06d527c236172043e747fc	1	3	5e65684d25fd715a7a1d5216eae17a57e5927f1b8778b0b2f506fff78a9b98ab
1791377113	102	04d8b6c325ae12e89823866b2a292a62d7acee520954761890a1621fef79dca1c8e8df79dd8519480e5c015ae6cf3ba7de8669e260561616a36eb9c308b5983ab0	1	3	3ec91ac2184c3e28a2617827f70c7dc1e7c549d1588c8af1f156f1b0b9c746ce
1791377114	103	04dbe32c2062240a4ba0bcad01d7edd98c78b51c77765d5e1e5e9fa3743d2f12a1f82f42cd7dc4f41445979117d790f23e9b3d08d0aa06d527c236172043e747fc	1	3	bc9d2ce5784141c31c872b6e286f138ab4fd569c756deb1629b8fc488287ffeb
1791377114	103	04f700a417754b775d95421973bdbdadb2d23c8a5af46f1829b1431f5c136e549e8a0d61aa0c793f1a614f8e437711c7758473c6ceb0859ac7e9e07911ca66b5c4	1	3	12364ac7c4e7c640e37d0639e100da8454846ea97c09cbee4212eec0806cc2b0
1791377114	103	04d8b6c325ae12e89823866b2a292a62d7acee520954761890a1621fef79dca1c8e8df79dd8519480e5c015ae6cf3ba7de8669e260561616a36eb9c308b5983ab0	1	3	0bc230df7fc117656795bc82eb8f1615e5f0e6b506d6724a36a6459fc7c81f37
1791377115	104	04f700a417754b775d95421973bdbdadb2d23c8a5af46f1829b1431f5c136e549e8a0d61aa0c793f1a614f8e437711c7758473c6ceb0859ac7e9e07911ca66b5c4	1	3	d55c495819104a55be0fe94a62de5421a492865582c9aa30f98d25865a8e3f96
1791377115	104	04d8b6c325ae12e89823866b2a292a62d7acee520954761890a1621fef79dca1c8e8df79dd8519480e5c015ae6cf3ba7de8669e260561616a36eb9c308b5983ab0	1	3	7e613ee86a068a4dfbb20e9a5400baa4cabc0fbc49185e0ca282262613f89f83
1791377115	104	04dbe32c2062240a4ba0bcad01d7edd98c78b51c77765d5e1e5e9fa3743d2f12a1f82f42cd7dc4f41445979117d790f23e9b3d08d0aa06d527c236172043e747fc	1	3	4304c7e17755350b5a2b0110afd14c6cef70f41cbeb7b817d13cdc090979adb6
1791377115	105	04f700a417754b775d95421973bdbdadb2d23c8a5af46f1829b1431f5c136e549e8a0d61aa0c793f1a614f8e437711c7758473c6ceb0859ac7e9e07911ca66b5c4	1	3	f5392efb3d1166c4778ad3eba81ffd80df68b9c3a2a49d7d2300f6a6f73b5584
1791377115	105	04dbe32c2062240a4ba0bcad01d7edd98c78b51c77765d5e1e5e9fa3743d2f12a1f82f42cd7dc4f41445979117d790f23e9b3d08d0aa06d527c236172043e747fc	1	3	08b1ba86c3a0bf5f6a2323f52f645a7efac056e749e7320e6410b6045eef0897
1791377117	105	04d8b6c325ae12e89823866b2a292a62d7acee520954761890a1621fef79dca1c8e8df79dd8519480e5c015ae6cf3ba7de8669e260561616a36eb9c308b5983ab0	1	3	ea6ff462e97795ed762ba49cdb1a759f1c1af704bc4350c0fe948d394cd53bc9
1791377117	106	04d8b6c325ae12e89823866b2a292a62d7acee520954761890a1621fef79dca1c8e8df79dd8519480e5c015ae6cf3ba7de8669e260561616a36eb9c308b5983ab0	1	3	71838baf48babed2d71c5f5459dd87a56973bb43005126cd21c2af4934eeae21
1791377117	106	04f700a417754b775d95421973bdbdadb2d23c8a5af46f1829b1431f5c136e549e8a0d61aa0c793f1a614f8e437711c7758473c6ceb0859ac7e9e07911ca66b5c4	1	3	3428f74ba886eb6f1afb8e70cadaa927a21c7f033f8edfdff5239afa77387ac1
1791377117	106	04dbe32c2062240a4ba0bcad01d7edd98c78b51c77765d5e1e5e9fa3743d2f12a1f82f42cd7dc4f41445979117d790f23e9b3d08d0aa06d527c236172043e747fc	1	3	615ff5ff0aa5ac5ba8e5979e9d44df317394471120bcf27de6adb7dee5270b23
1791377118	107	04dbe32c2062240a4ba0bcad01d7edd98c78b51c77765d5e1e5e9fa3743d2f12a1f82f42cd7dc4f41445979117d790f23e9b3d08d0aa06d527c236172043e747fc	1	3	6e3e7bb582760f2466edd56741af1227ff00004e857fc6bb6dd47b77fcdce1eb
1791377118	107	04f700a417754b775d95421973bdbdadb2d23c8a5af46f1829b1431f5c136e549e8a0d61aa0c793f1a614f8e437711c7758473c6ceb0859ac7e9e07911ca66b5c4	1	3	4e3963ebd6421686136b5a93ce55ecbeba164cf978825327ba7cf75fff3ed9a4
1791377118	107	04d8b6c325ae12e89823866b2a292a62d7acee520954761890a1621fef79dca1c8e8df79dd8519480e5c015ae6cf3ba7de8669e260561616a36eb9c308b5983ab0	1	3	051f1e6f8fd5982949d6b5f2cfefb02a90d92a50d23b27b0cdf44bc353f96700
1791377119	108	04d8b6c325ae12e89823866b2a292a62d7acee520954761890a1621fef79dca1c8e8df79dd8519480e5c015ae6cf3ba7de8669e260561616a36eb9c308b5983ab0	1	3	f66927813c16a93d27caf43d38532f85109b4d8bc42013c7a64d4705d43f0087
1791377119	108	04dbe32c2062240a4ba0bcad01d7edd98c78b51c77765d5e1e5e9fa3743d2f12a1f82f42cd7dc4f41445979117d790f23e9b3d08d0aa06d527c236172043e747fc	1	3	ac87119fbc23e51e0fc352fb9b8e1fbfa3821406afa4cdefc5f4362be6e08dfa
1791377119	108	04f700a417754b775d95421973bdbdadb2d23c8a5af46f1829b1431f5c136e549e8a0d61aa0c793f1a614f8e437711c7758473c6ceb0859ac7e9e07911ca66b5c4	1	3	5bb8de56b33a344e6d018e18db7ef3f02c5e2fa565a500f2dce726ec3b6fe947
1791377119	109	04f700a417754b775d95421973bdbdadb2d23c8a5af46f1829b1431f5c136e549e8a0d61aa0c793f1a614f8e437711c7758473c6ceb0859ac7e9e07911ca66b5c4	1	3	5ec529eccdbfb7835ce129b1ed4a218cb2663f70564d60d29e8fd36e770648a3
1791377119	109	04dbe32c2062240a4ba0bcad01d7edd98c78b51c77765d5e1e5e9fa3743d2f12a1f82f42cd7dc4f41445979117d790f23e9b3d08d0aa06d527c236172043e747fc	1	3	038ecdcce5d44acca9b16da8c817f7705d8a2d3b25faab5ce2d972a0ead289fe
1791377119	109	04d8b6c325ae12e89823866b2a292a62d7acee520954761890a1621fef79dca1c8e8df79dd8519480e5c015ae6cf3ba7de8669e260561616a36eb9c308b5983ab0	1	3	5c31b3aedcdc1e1bd25238db720f4d76bc78b2fb811ec9f3706cc15726b34d5c
1791377120	110	04d8b6c325ae12e89823866b2a292a62d7acee520954761890a1621fef79dca1c8e8df79dd8519480e5c015ae6cf3ba7de8669e260561616a36eb9c308b5983ab0	1	3	703f406465a5f929ca36e4161adcc5b143f5aaa6644a6296222b96e0761ac180
1791377120	110	04f700a417754b775d95421973bdbdadb2d23c8a5af46f1829b1431f5c136e549e8a0d61aa0c793f1a614f8e437711c7758473c6ceb0859ac7e9e07911ca66b5c4	1	3	4a70199579f9c85b71b6734d164167bdbbbdea158d49de29f9de1d6466c92ebc
1791377120	110	04dbe32c2062240a4ba0bcad01d7edd98c78b51c77765d5e1e5e9fa3743d2f12a1f82f42cd7dc4f41445979117d790f23e9b3d08d0aa06d527c236172043e747fc	1	3	053584fc428cbc75e8cbcbdf5315d5a7f41c5bc4133d6a29bf1e08fa05357a2e
1791377121	111	04dbe32c2062240a4ba0bcad01d7edd98c78b51c77765d5e1e5e9fa3743d2f12a1f82f42cd7dc4f41445979117d790f23e9b3d08d0aa06d527c236172043e747fc	1	3	ed819f0f11861e7767769345166f2376ee16e905b31fa13498ffeec5fbcab3b4
1791377121	111	04d8b6c325ae12e89823866b2a292a62d7acee520954761890a1621fef79dca1c8e8df79dd8519480e5c015ae6cf3ba7de8669e260561616a36eb9c308b5983ab0	1	3	62b94919ade74295ef5de7a018bebb990f409b84e019e9d42e24256314aa95e4
1791377121	111	04f700a417754b775d95421973bdbdadb2d23c8a5af46f1829b1431f5c136e549e8a0d61aa0c793f1a614f8e437711c7758473c6ceb0859ac7e9e07911ca66b5c4	1	3	593a2a10cdaf32af4a0f54355037db723486e2015943e3b4ec6635519d9beacf
1791377121	112	04f700a417754b775d95421973bdbdadb2d23c8a5af46f1829b1431f5c136e549e8a0d61aa0c793f1a614f8e437711c7758473c6ceb0859ac7e9e07911ca66b5c4	1	3	2fc73379c28989917195cff71102455023ad0e40fdad23867c002bed65c9548a
1791377121	112	04d8b6c325ae12e89823866b2a292a62d7acee520954761890a1621fef79dca1c8e8df79dd8519480e5c015ae6cf3ba7de8669e260561616a36eb9c308b5983ab0	1	3	a99fe42758b1f3aae4e6d86552f48da64d0b26a825cfa7022c67cac563fa23b2
1791377123	112	04dbe32c2062240a4ba0bcad01d7edd98c78b51c77765d5e1e5e9fa3743d2f12a1f82f42cd7dc4f41445979117d790f23e9b3d08d0aa06d527c236172043e747fc	1	3	b88c504233efbe8f3c77425ff48b21bea1bda4cc5d598049f09d7373a749119d
1791377123	113	04dbe32c2062240a4ba0bcad01d7edd98c78b51c77765d5e1e5e9fa3743d2f12a1f82f42cd7dc4f41445979117d790f23e9b3d08d0aa06d527c236172043e747fc	1	3	d1c70a64321097e067b446b11117962f61c5e7dd6693bcaf003b5ef3a6e84cfc
1791377123	113	04f700a417754b775d95421973bdbdadb2d23c8a5af46f1829b1431f5c136e549e8a0d61aa0c793f1a614f8e437711c7758473c6ceb0859ac7e9e07911ca66b5c4	1	3	4b77c0175abd6550aa1317c108a4455d97a82a3f8fceef39bdb307015bfb2ff4
1791377123	113	04d8b6c325ae12e89823866b2a292a62d7acee520954761890a1621fef79dca1c8e8df79dd8519480e5c015ae6cf3ba7de8669e260561616a36eb9c308b5983ab0	1	3	540089f3c5772c82e80e761f2cea1089e52997b6b1f44588aa6aa3fe615c11ee
1791377124	114	04f700a417754b775d95421973bdbdadb2d23c8a5af46f1829b1431f5c136e549e8a0d61aa0c793f1a614f8e437711c7758473c6ceb0859ac7e9e07911ca66b5c4	1	3	dd9f92599fe4b7907406b8b96cc0b33f7d5f6cc44a1688524079d27c7330bdc9
1791377124	114	04d8b6c325ae12e89823866b2a292a62d7acee520954761890a1621fef79dca1c8e8df79dd8519480e5c015ae6cf3ba7de8669e260561616a36eb9c308b5983ab0	1	3	7732623574ff73a10dddff8c72fb123e4004c4942f596da0ea3798a3862ed635
1791377124	114	04dbe32c2062240a4ba0bcad01d7edd98c78b51c77765d5e1e5e9fa3743d2f12a1f82f42cd7dc4f41445979117d790f23e9b3d08d0aa06d527c236172043e747fc	1	3	2a797add1d691e0a66768514ca42371ae6848b790912a308de18615d2827b1fd
1791377124	115	04f700a417754b775d95421973bdbdadb2d23c8a5af46f1829b1431f5c136e549e8a0d61aa0c793f1a614f8e437711c7758473c6ceb0859ac7e9e07911ca66b5c4	1	3	e8c1971d965a347df0c88b61e68830cb639c808cd3df810a2cafe9795b3c52e3
1791377124	115	04dbe32c2062240a4ba0bcad01d7edd98c78b51c77765d5e1e5e9fa3743d2f12a1f82f42cd7dc4f41445979117d790f23e9b3d08d0aa06d527c236172043e747fc	1	3	45273271b3e94a1785503e0454f58bd4d4e1527b6b1dcc864b738658d658a239
1791377125	115	04d8b6c325ae12e89823866b2a292a62d7acee520954761890a1621fef79dca1c8e8df79dd8519480e5c015ae6cf3ba7de8669e260561616a36eb9c308b5983ab0	1	3	3ac720c9a00f783de7285ebcfdf8d5389809d6549f55622801eecbf857731d57
1791377125	116	04d8b6c325ae12e89823866b2a292a62d7acee520954761890a1621fef79dca1c8e8df79dd8519480e5c015ae6cf3ba7de8669e260561616a36eb9c308b5983ab0	1	3	ba5b35b76d4bcfee079b0ebf3b158c58744c245956a4c99301c8b70b422a853f
1791377125	116	04f700a417754b775d95421973bdbdadb2d23c8a5af46f1829b1431f5c136e549e8a0d61aa0c793f1a614f8e437711c7758473c6ceb0859ac7e9e07911ca66b5c4	1	3	2f840c4adb1b29a2e7d4bfa1d20e6997ba2c61aaff5ea9f70a41e3f837cf8837
1791377125	116	04dbe32c2062240a4ba0bcad01d7edd98c78b51c77765d5e1e5e9fa3743d2f12a1f82f42cd7dc4f41445979117d790f23e9b3d08d0aa06d527c236172043e747fc	1	3	0a561c07d3226d45674fb50ff133a5255184022493c6f6ed914dd950fd87bb9b
1791377126	117	04d8b6c325ae12e89823866b2a292a62d7acee520954761890a1621fef79dca1c8e8df79dd8519480e5c015ae6cf3ba7de8669e260561616a36eb9c308b5983ab0	1	3	96cf7ead56a4274f7092192bdaad07164663d49deaff1886800f118b9dfa4ff5
1791377126	117	04dbe32c2062240a4ba0bcad01d7edd98c78b51c77765d5e1e5e9fa3743d2f12a1f82f42cd7dc4f41445979117d790f23e9b3d08d0aa06d527c236172043e747fc	1	3	68404ef2252796b20d986b0309265de579a98ef1e91579be969cd7dc2ee03fa5
1791377126	117	04f700a417754b775d95421973bdbdadb2d23c8a5af46f1829b1431f5c136e549e8a0d61aa0c793f1a614f8e437711c7758473c6ceb0859ac7e9e07911ca66b5c4	1	3	40e74b9c4ffcc636b791498b709c1f203040e10b675aad8d802e8f71139afcf4
1791377126	118	04f700a417754b775d95421973bdbdadb2d23c8a5af46f1829b1431f5c136e549e8a0d61aa0c793f1a614f8e437711c7758473c6ceb0859ac7e9e07911ca66b5c4	1	3	0c1048fdf1751e3436159025ed29e90365a449d48c84549c8a5e8d7cc0a95f28
1791377126	118	04d8b6c325ae12e89823866b2a292a62d7acee520954761890a1621fef79dca1c8e8df79dd8519480e5c015ae6cf3ba7de8669e260561616a36eb9c308b5983ab0	1	3	68c6313969f9bec179ce3f93a333bf91432dcc9f1283f11980e1d0b5c8552f9c
1791377128	118	04dbe32c2062240a4ba0bcad01d7edd98c78b51c77765d5e1e5e9fa3743d2f12a1f82f42cd7dc4f41445979117d790f23e9b3d08d0aa06d527c236172043e747fc	1	3	c76d834ff21bee49c4e3e75fa3d472df760a0f538c39fd3244de50b6646647a3
1791377128	119	04f700a417754b775d95421973bdbdadb2d23c8a5af46f1829b1431f5c136e549e8a0d61aa0c793f1a614f8e437711c7758473c6ceb0859ac7e9e07911ca66b5c4	1	3	fa5cd88c285b31ba97c332571ee2599f459ddce381cf11b30473d47f2aa139d4
1791377128	119	04dbe32c2062240a4ba0bcad01d7edd98c78b51c77765d5e1e5e9fa3743d2f12a1f82f42cd7dc4f41445979117d790f23e9b3d08d0aa06d527c236172043e747fc	1	3	bc7a968b138ab010b44744acf9a923fd99aad1cd3a1c37f481d8fddd58cc3985
1791377128	119	04d8b6c325ae12e89823866b2a292a62d7acee520954761890a1621fef79dca1c8e8df79dd8519480e5c015ae6cf3ba7de8669e260561616a36eb9c308b5983ab0	1	3	3db4c076948717b11095465174f9bb896f62cf392809c738ec517ef80a714537
1791377129	120	04f700a417754b775d95421973bdbdadb2d23c8a5af46f1829b1431f5c136e549e8a0d61aa0c793f1a614f8e437711c7758473c6ceb0859ac7e9e07911ca66b5c4	1	3	e1ba66c8e429e900ba3bd6b79bac6b745589db41a1d82f7df857705b5cc21609
1791377129	120	04d8b6c325ae12e89823866b2a292a62d7acee520954761890a1621fef79dca1c8e8df79dd8519480e5c015ae6cf3ba7de8669e260561616a36eb9c308b5983ab0	1	3	deb669996b852c48b37f7dd5646df80c5f46e0c6457e779cd3fb26dc232dbe77
1791377129	120	04dbe32c2062240a4ba0bcad01d7edd98c78b51c77765d5e1e5e9fa3743d2f12a1f82f42cd7dc4f41445979117d790f23e9b3d08d0aa06d527c236172043e747fc	1	3	4301ae153cc68c76ee836e40c93d79cfdc52ba671aebd9a377cf530530ba171a
1791377129	121	04f700a417754b775d95421973bdbdadb2d23c8a5af46f1829b1431f5c136e549e8a0d61aa0c793f1a614f8e437711c7758473c6ceb0859ac7e9e07911ca66b5c4	1	3	762a9a0e6f670d60e0646b5c55147130a6a047547fe36ea9283725ec45ba1bd5
1791377130	121	04dbe32c2062240a4ba0bcad01d7edd98c78b51c77765d5e1e5e9fa3743d2f12a1f82f42cd7dc4f41445979117d790f23e9b3d08d0aa06d527c236172043e747fc	1	3	b04073fa07c774f86e0ca53c30139790678c496601c5da2ab15ce92fcbabac55
1791377130	121	04d8b6c325ae12e89823866b2a292a62d7acee520954761890a1621fef79dca1c8e8df79dd8519480e5c015ae6cf3ba7de8669e260561616a36eb9c308b5983ab0	1	3	a9bbcfc9cfc896225863c4df5e7554ba527db5756d667b3b866991d5cd7d2996
1791377130	122	04f700a417754b775d95421973bdbdadb2d23c8a5af46f1829b1431f5c136e549e8a0d61aa0c793f1a614f8e437711c7758473c6ceb0859ac7e9e07911ca66b5c4	1	3	4d911937127b6296e081993da4c9abfc2325310d3de72701d2f8662b93848ad6
1791377130	122	04dbe32c2062240a4ba0bcad01d7edd98c78b51c77765d5e1e5e9fa3743d2f12a1f82f42cd7dc4f41445979117d790f23e9b3d08d0aa06d527c236172043e747fc	1	3	65542c32d9880f498cc0577debee47ddcb665a89b23de193c02cb937559ca357
1791377130	122	04d8b6c325ae12e89823866b2a292a62d7acee520954761890a1621fef79dca1c8e8df79dd8519480e5c015ae6cf3ba7de8669e260561616a36eb9c308b5983ab0	1	3	3c062ba1d2b4a5fb2d614003b7b4342251e5e644acb6bdbf3c32c4406f0f72f9
1791377131	123	04dbe32c2062240a4ba0bcad01d7edd98c78b51c77765d5e1e5e9fa3743d2f12a1f82f42cd7dc4f41445979117d790f23e9b3d08d0aa06d527c236172043e747fc	1	3	d8d4522b6998c0400c7bd24274106084c34f2ed649b65dbdc7a41fbb0a5dc68f
1791377131	123	04d8b6c325ae12e89823866b2a292a62d7acee520954761890a1621fef79dca1c8e8df79dd8519480e5c015ae6cf3ba7de8669e260561616a36eb9c308b5983ab0	1	3	8ca3737252ea5e54006b42eef92d7a2a5c1080f11b8e2bc9508fae9aeee2b74a
1791377131	123	04f700a417754b775d95421973bdbdadb2d23c8a5af46f1829b1431f5c136e549e8a0d61aa0c793f1a614f8e437711c7758473c6ceb0859ac7e9e07911ca66b5c4	1	3	1aa18384eb0039b00ca1174c977b6af95b7af3420c667b7eda7ae8e696b9ea2e
1791377132	124	04dbe32c2062240a4ba0bcad01d7edd98c78b51c77765d5e1e5e9fa3743d2f12a1f82f42cd7dc4f41445979117d790f23e9b3d08d0aa06d527c236172043e747fc	1	3	2a61432519be2b791d605cabfc56fa9214ab54a667ebd371fab00496ac76a7a0
1791377132	124	04f700a417754b775d95421973bdbdadb2d23c8a5af46f1829b1431f5c136e549e8a0d61aa0c793f1a614f8e437711c7758473c6ceb0859ac7e9e07911ca66b5c4	1	3	237a8ab40b537b46268885e7a1cad6033c94742a5ef7bbd0fc043c598f1fad71
1791377132	124	04d8b6c325ae12e89823866b2a292a62d7acee520954761890a1621fef79dca1c8e8df79dd8519480e5c015ae6cf3ba7de8669e260561616a36eb9c308b5983ab0	1	3	03ea152b43db021a68a7a0a140b1187b9f94ed19321f35d83fdf057154363bed
1791377132	125	04f700a417754b775d95421973bdbdadb2d23c8a5af46f1829b1431f5c136e549e8a0d61aa0c793f1a614f8e437711c7758473c6ceb0859ac7e9e07911ca66b5c4	1	3	6bd483a3a5c3753db16181d5cf15d374271ee456d99b52ef67b5483fc88161c5
1791377134	125	04dbe32c2062240a4ba0bcad01d7edd98c78b51c77765d5e1e5e9fa3743d2f12a1f82f42cd7dc4f41445979117d790f23e9b3d08d0aa06d527c236172043e747fc	1	3	9d58fd581c96bda2c023038285efa76e7b3b81c69ac5b14853cf562aac7d731c
1791377134	125	04d8b6c325ae12e89823866b2a292a62d7acee520954761890a1621fef79dca1c8e8df79dd8519480e5c015ae6cf3ba7de8669e260561616a36eb9c308b5983ab0	1	3	26ca01c6f5a2bb032e0c717529819ea40bb3aff537ebb452d38ed5896f55bf1e
1791377134	126	04f700a417754b775d95421973bdbdadb2d23c8a5af46f1829b1431f5c136e549e8a0d61aa0c793f1a614f8e437711c7758473c6ceb0859ac7e9e07911ca66b5c4	1	3	40a6f03698ffe041cadda944ddce7adad8590b2a07330730e14ceffefcbff4ae
1791377134	126	04dbe32c2062240a4ba0bcad01d7edd98c78b51c77765d5e1e5e9fa3743d2f12a1f82f42cd7dc4f41445979117d790f23e9b3d08d0aa06d527c236172043e747fc	1	3	1de3da24928353b35807075050998f30c2e6eb90ad403fabf6d4bf4102af9048
1791377134	126	04d8b6c325ae12e89823866b2a292a62d7acee520954761890a1621fef79dca1c8e8df79dd8519480e5c015ae6cf3ba7de8669e260561616a36eb9c308b5983ab0	1	3	1a6c2ef24207d5e4b1a9b51df21ff035e1b9d34160516faca4341662cf677746
1791377135	127	04dbe32c2062240a4ba0bcad01d7edd98c78b51c77765d5e1e5e9fa3743d2f12a1f82f42cd7dc4f41445979117d790f23e9b3d08d0aa06d527c236172043e747fc	1	3	80b0b469b7ac22505b7f5fac4efde3011d8deece6433eea3b8315f6d89b512fd
1791377135	127	04d8b6c325ae12e89823866b2a292a62d7acee520954761890a1621fef79dca1c8e8df79dd8519480e5c015ae6cf3ba7de8669e260561616a36eb9c308b5983ab0	1	3	47bc455908ce4e1ff5be36a6530e7cb9dcfb2f5e96b624f4e6af551da8962625
1791377135	127	04f700a417754b775d95421973bdbdadb2d23c8a5af46f1829b1431f5c136e549e8a0d61aa0c793f1a614f8e437711c7758473c6ceb0859ac7e9e07911ca66b5c4	1	3	2bfacb43c53d7abccaad1581ca2ad2be15fc01e0f9f99475e0a3f0b29c5f7092
1791377136	128	04d8b6c325ae12e89823866b2a292a62d7acee520954761890a1621fef79dca1c8e8df79dd8519480e5c015ae6cf3ba7de8669e260561616a36eb9c308b5983ab0	1	3	b65967d8fb050379510d5ab168aaacb4851082f4bdd2ffd42f08acc7a0d89862
1791377136	128	04dbe32c2062240a4ba0bcad01d7edd98c78b51c77765d5e1e5e9fa3743d2f12a1f82f42cd7dc4f41445979117d790f23e9b3d08d0aa06d527c236172043e747fc	1	3	688a672370d0b1eeecac62873fa0230fd75c6ac42d21a18be180aed55e90b6df
1791377136	128	04f700a417754b775d95421973bdbdadb2d23c8a5af46f1829b1431f5c136e549e8a0d61aa0c793f1a614f8e437711c7758473c6ceb0859ac7e9e07911ca66b5c4	1	3	5da25a06db6493c010a28bd9584c288b249d12f8cc03bf0e9196d67e21247434
1791377136	129	04f700a417754b775d95421973bdbdadb2d23c8a5af46f1829b1431f5c136e549e8a0d61aa0c793f1a614f8e437711c7758473c6ceb0859ac7e9e07911ca66b5c4	1	3	ffcd16be0bc56f3475c2d6fa68af70dad594bcd705b8b04fb60ff532251133c4
1791377136	129	04dbe32c2062240a4ba0bcad01d7edd98c78b51c77765d5e1e5e9fa3743d2f12a1f82f42cd7dc4f41445979117d790f23e9b3d08d0aa06d527c236172043e747fc	1	3	c09b32eb58e2697ec0db6ebf4c2430321fee9dc7baffbdc13a9d2b6a5f8c605b
1791377136	129	04d8b6c325ae12e89823866b2a292a62d7acee520954761890a1621fef79dca1c8e8df79dd8519480e5c015ae6cf3ba7de8669e260561616a36eb9c308b5983ab0	1	3	678c9e918913ce2743ad740e34c2916ab626279f9acf5cff6aa5026238ef2252
1791377137	130	04dbe32c2062240a4ba0bcad01d7edd98c78b51c77765d5e1e5e9fa3743d2f12a1f82f42cd7dc4f41445979117d790f23e9b3d08d0aa06d527c236172043e747fc	1	3	ea907e5f59d7b84c599ab2f2fe00ab98e08f064d35c93d73025465eb04151c0e
1791377137	130	04d8b6c325ae12e89823866b2a292a62d7acee520954761890a1621fef79dca1c8e8df79dd8519480e5c015ae6cf3ba7de8669e260561616a36eb9c308b5983ab0	1	3	68de20ed8cf67fb9981244be223bbfb5c9f99b962b50112ea2b4c19b4ebd291b
1791377137	130	04f700a417754b775d95421973bdbdadb2d23c8a5af46f1829b1431f5c136e549e8a0d61aa0c793f1a614f8e437711c7758473c6ceb0859ac7e9e07911ca66b5c4	1	3	5cf5012ee62acad9ef3684af64539974e216958b109f1e9b12f9be66727137ab
1791377138	131	04d8b6c325ae12e89823866b2a292a62d7acee520954761890a1621fef79dca1c8e8df79dd8519480e5c015ae6cf3ba7de8669e260561616a36eb9c308b5983ab0	1	3	88c2ce6f8aa674989e34d44e4657f6365384e1ba0061c821f3ecc624297042c2
1791377138	131	04f700a417754b775d95421973bdbdadb2d23c8a5af46f1829b1431f5c136e549e8a0d61aa0c793f1a614f8e437711c7758473c6ceb0859ac7e9e07911ca66b5c4	1	3	80780cb5417bc19e1e0e095ab98d061d6455b4573d1dd88cc4fa2bf138882b28
1791377138	131	04dbe32c2062240a4ba0bcad01d7edd98c78b51c77765d5e1e5e9fa3743d2f12a1f82f42cd7dc4f41445979117d790f23e9b3d08d0aa06d527c236172043e747fc	1	3	46ff29c664055fb1b3aefe1a81b08137fe53cee620cdb119c1bef5f7a30d7415
1791377140	132	04d8b6c325ae12e89823866b2a292a62d7acee520954761890a1621fef79dca1c8e8df79dd8519480e5c015ae6cf3ba7de8669e260561616a36eb9c308b5983ab0	1	3	b0a952e8c00e2d99b12d7c44395f66253fab6584841324165abae6d852633f7d
1791377140	132	04f700a417754b775d95421973bdbdadb2d23c8a5af46f1829b1431f5c136e549e8a0d61aa0c793f1a614f8e437711c7758473c6ceb0859ac7e9e07911ca66b5c4	1	3	a79011d43d8da6a5b2508c50bfb63bcce287582960e68b67b972350560f3d47c
1791377140	132	04dbe32c2062240a4ba0bcad01d7edd98c78b51c77765d5e1e5e9fa3743d2f12a1f82f42cd7dc4f41445979117d790f23e9b3d08d0aa06d527c236172043e747fc	1	3	597e40acecef44c78289d5e1535f91914cdad19e74be1644804b8db24d6afc73
1791377141	133	04dbe32c2062240a4ba0bcad01d7edd98c78b51c77765d5e1e5e9fa3743d2f12a1f82f42cd7dc4f41445979117d790f23e9b3d08d0aa06d527c236172043e747fc	1	3	605f7f26dadda84fc6ffaf11cfeae7f3b773cdee9c6139a2b64564936341aa91
1791377141	133	04f700a417754b775d95421973bdbdadb2d23c8a5af46f1829b1431f5c136e549e8a0d61aa0c793f1a614f8e437711c7758473c6ceb0859ac7e9e07911ca66b5c4	1	3	529ac36086bb433826aa8dbee5ac9a38c0f8dadf3d8f8b1481fc3a4e1fb737a6
1791377141	133	04d8b6c325ae12e89823866b2a292a62d7acee520954761890a1621fef79dca1c8e8df79dd8519480e5c015ae6cf3ba7de8669e260561616a36eb9c308b5983ab0	1	3	596ab5ec313af22d21d6f0dbd56ebdec648948c0179c65da91800cb5a1a2ba81
1791377142	134	04dbe32c2062240a4ba0bcad01d7edd98c78b51c77765d5e1e5e9fa3743d2f12a1f82f42cd7dc4f41445979117d790f23e9b3d08d0aa06d527c236172043e747fc	1	3	ec5428277418cfe91647c7308c18cf7a4bd88eebd5bb41748260714c2b8dfca7
1791377142	134	04f700a417754b775d95421973bdbdadb2d23c8a5af46f1829b1431f5c136e549e8a0d61aa0c793f1a614f8e437711c7758473c6ceb0859ac7e9e07911ca66b5c4	1	3	924ca488fd56b61423b6c7fa294cb0c59efa5adbe40c20887703a7a5476bdae0
1791377142	134	04d8b6c325ae12e89823866b2a292a62d7acee520954761890a1621fef79dca1c8e8df79dd8519480e5c015ae6cf3ba7de8669e260561616a36eb9c308b5983ab0	1	3	6772c271daca79579951956cdef4783e3f04d121ebd76b0f01f84b03517333f4
1791377143	135	04d8b6c325ae12e89823866b2a292a62d7acee520954761890a1621fef79dca1c8e8df79dd8519480e5c015ae6cf3ba7de8669e260561616a36eb9c308b5983ab0	1	3	48baa2d71476d2204b6f932f9730f06d2d0325d502df4c3b4305105484190ed3
1791377143	135	04f700a417754b775d95421973bdbdadb2d23c8a5af46f1829b1431f5c136e549e8a0d61aa0c793f1a614f8e437711c7758473c6ceb0859ac7e9e07911ca66b5c4	1	3	3d4954009622401e156cb05c85494942a25178c1afada40c5ac29161c673f06c
1791377143	135	04dbe32c2062240a4ba0bcad01d7edd98c78b51c77765d5e1e5e9fa3743d2f12a1f82f42cd7dc4f41445979117d790f23e9b3d08d0aa06d527c236172043e747fc	1	3	026755b8e7731890ed9b2f0a72d449ed70bb410aff20d56f1cb90a7aaa9bcedd
1791377143	136	04f700a417754b775d95421973bdbdadb2d23c8a5af46f1829b1431f5c136e549e8a0d61aa0c793f1a614f8e437711c7758473c6ceb0859ac7e9e07911ca66b5c4	1	3	fadf97f66b3cc931ea086e9611e9430f7b1acbdc88a85d860db6a9f2c14142be
1791377143	136	04d8b6c325ae12e89823866b2a292a62d7acee520954761890a1621fef79dca1c8e8df79dd8519480e5c015ae6cf3ba7de8669e260561616a36eb9c308b5983ab0	1	3	bb00669a4148b5e7e2553c8a4b6be85bb0b90b43461e756b562f60e149390538
1791377145	136	04dbe32c2062240a4ba0bcad01d7edd98c78b51c77765d5e1e5e9fa3743d2f12a1f82f42cd7dc4f41445979117d790f23e9b3d08d0aa06d527c236172043e747fc	1	3	b858b76c38ac886a24f20cc40ebac29082860e75f9392258f403e14ca2636ef1
1791377145	137	04dbe32c2062240a4ba0bcad01d7edd98c78b51c77765d5e1e5e9fa3743d2f12a1f82f42cd7dc4f41445979117d790f23e9b3d08d0aa06d527c236172043e747fc	1	3	6ca4ff2487660161b699eed6d614f9de578c2d9adf386ffb4b77fcb81108761a
1791377145	137	04f700a417754b775d95421973bdbdadb2d23c8a5af46f1829b1431f5c136e549e8a0d61aa0c793f1a614f8e437711c7758473c6ceb0859ac7e9e07911ca66b5c4	1	3	20974fe3f3632ecd6f4f7ead107e0812ffec792eac7630872dea371a0afe46f3
1791377145	137	04d8b6c325ae12e89823866b2a292a62d7acee520954761890a1621fef79dca1c8e8df79dd8519480e5c015ae6cf3ba7de8669e260561616a36eb9c308b5983ab0	1	3	954348c5a2de603a0ffee56dc682a847726141814ee479c8ecc42560643fc6d9
1791377146	138	04d8b6c325ae12e89823866b2a292a62d7acee520954761890a1621fef79dca1c8e8df79dd8519480e5c015ae6cf3ba7de8669e260561616a36eb9c308b5983ab0	1	3	cb3bb1bf88b6c7b60f7ff1419512f13c373463f1472c291e510260987e1b27d7
1791377146	138	04dbe32c2062240a4ba0bcad01d7edd98c78b51c77765d5e1e5e9fa3743d2f12a1f82f42cd7dc4f41445979117d790f23e9b3d08d0aa06d527c236172043e747fc	1	3	3ad7b6d8710154ff9b09673be96b6aa57f3105f3d65b240ce51155b27533c20e
1791377146	138	04f700a417754b775d95421973bdbdadb2d23c8a5af46f1829b1431f5c136e549e8a0d61aa0c793f1a614f8e437711c7758473c6ceb0859ac7e9e07911ca66b5c4	1	3	3449ad9d29e6f948a195c82f1fa45fc2676fcb1ac9034c02afe50e7bb04b1378
1791377147	139	04dbe32c2062240a4ba0bcad01d7edd98c78b51c77765d5e1e5e9fa3743d2f12a1f82f42cd7dc4f41445979117d790f23e9b3d08d0aa06d527c236172043e747fc	1	3	312eac0fb89c529b4227764fb7aab4e0ee5544a5ab6be3563b38f363e6afa11a
1791377147	139	04f700a417754b775d95421973bdbdadb2d23c8a5af46f1829b1431f5c136e549e8a0d61aa0c793f1a614f8e437711c7758473c6ceb0859ac7e9e07911ca66b5c4	1	3	2333fb8c25633fcdbe124c27641ae3a5c0147f4f649222df912fae5f2d65a0d3
1791377147	139	04d8b6c325ae12e89823866b2a292a62d7acee520954761890a1621fef79dca1c8e8df79dd8519480e5c015ae6cf3ba7de8669e260561616a36eb9c308b5983ab0	1	3	02e470443b13fe8712f82f65feef573abe2380c8e595c8f0cf751ca5b06e0969
1791377147	140	04f700a417754b775d95421973bdbdadb2d23c8a5af46f1829b1431f5c136e549e8a0d61aa0c793f1a614f8e437711c7758473c6ceb0859ac7e9e07911ca66b5c4	1	3	bc0cc77deb0698155daa70c1ee906139645109d57872f09a986845a2c3c1f412
1791377147	140	04d8b6c325ae12e89823866b2a292a62d7acee520954761890a1621fef79dca1c8e8df79dd8519480e5c015ae6cf3ba7de8669e260561616a36eb9c308b5983ab0	1	3	73e131b6c0e6f7c3842fad496ee49ac04d4ab800b4fb2b1daf9aaeaa426d3df7
1791377148	140	04dbe32c2062240a4ba0bcad01d7edd98c78b51c77765d5e1e5e9fa3743d2f12a1f82f42cd7dc4f41445979117d790f23e9b3d08d0aa06d527c236172043e747fc	1	3	3d67797ce732adf4694cfa9349f722c8fb4ae58a1ae0a7b98d06e6f8cc842c04
1791377148	141	04f700a417754b775d95421973bdbdadb2d23c8a5af46f1829b1431f5c136e549e8a0d61aa0c793f1a614f8e437711c7758473c6ceb0859ac7e9e07911ca66b5c4	1	3	d6657395205da7a4fd5ce383e54d6e63e2e24c619597c9715065fb13b65a33fd
1791377148	141	04dbe32c2062240a4ba0bcad01d7edd98c78b51c77765d5e1e5e9fa3743d2f12a1f82f42cd7dc4f41445979117d790f23e9b3d08d0aa06d527c236172043e747fc	1	3	1d7ef86cf1ea4ef59b50279af6a5c6c650b7a49bd339ea6bce9c76b06a94cbd7
1791377148	141	04d8b6c325ae12e89823866b2a292a62d7acee520954761890a1621fef79dca1c8e8df79dd8519480e5c015ae6cf3ba7de8669e260561616a36eb9c308b5983ab0	1	3	8b38d0b8f7e64a85a051bb28f661b9d981ba2d0c42f979368d05ffbd3ef1f116
1791377149	142	04dbe32c2062240a4ba0bcad01d7edd98c78b51c77765d5e1e5e9fa3743d2f12a1f82f42cd7dc4f41445979117d790f23e9b3d08d0aa06d527c236172043e747fc	1	3	b86e496c07c2d905120ee87996e4cece1d389ba89f0137c63f10cad39fdd1c8a
1791377149	142	04d8b6c325ae12e89823866b2a292a62d7acee520954761890a1621fef79dca1c8e8df79dd8519480e5c015ae6cf3ba7de8669e260561616a36eb9c308b5983ab0	1	3	33a17103a24c279bc7972920c9bc13437fb54fad5a8fed33c07241637600baab
1791377149	142	04f700a417754b775d95421973bdbdadb2d23c8a5af46f1829b1431f5c136e549e8a0d61aa0c793f1a614f8e437711c7758473c6ceb0859ac7e9e07911ca66b5c4	1	3	2755ac80950795ff22981aa40bef7283fba4e68256a5fd7e10cfdc348e345062
1791377151	143	04dbe32c2062240a4ba0bcad01d7edd98c78b51c77765d5e1e5e9fa3743d2f12a1f82f42cd7dc4f41445979117d790f23e9b3d08d0aa06d527c236172043e747fc	1	3	93e3465e1d2bdc86a4dbd6d458ccec74dba56e95750b7367810af2905968c9ca
1791377151	143	04f700a417754b775d95421973bdbdadb2d23c8a5af46f1829b1431f5c136e549e8a0d61aa0c793f1a614f8e437711c7758473c6ceb0859ac7e9e07911ca66b5c4	1	3	582d80c174f2ca00294ab197889c299e83442fb182fcc3c38e9fab416941f762
1791377151	143	04d8b6c325ae12e89823866b2a292a62d7acee520954761890a1621fef79dca1c8e8df79dd8519480e5c015ae6cf3ba7de8669e260561616a36eb9c308b5983ab0	1	3	7524372f328ae9a0b1608cb49bb4ee516504b27d457a6771591149ff24eab114
1791377152	144	04f700a417754b775d95421973bdbdadb2d23c8a5af46f1829b1431f5c136e549e8a0d61aa0c793f1a614f8e437711c7758473c6ceb0859ac7e9e07911ca66b5c4	1	3	b2bcdd0f44677bdc58de76219d0fece25121523a2aaa2608754714287d926037
1791377152	144	04d8b6c325ae12e89823866b2a292a62d7acee520954761890a1621fef79dca1c8e8df79dd8519480e5c015ae6cf3ba7de8669e260561616a36eb9c308b5983ab0	1	3	9001ed86e5e453cabc394ea8926721980d19c8e198cd86ea38e4d9363bd67a04
1791377152	144	04dbe32c2062240a4ba0bcad01d7edd98c78b51c77765d5e1e5e9fa3743d2f12a1f82f42cd7dc4f41445979117d790f23e9b3d08d0aa06d527c236172043e747fc	1	3	5fedfbfc15d8d0f09a49a3b4e7a2c08d686ec6d2c66fd4d770e68c914bf0e13d
1791377153	145	04d8b6c325ae12e89823866b2a292a62d7acee520954761890a1621fef79dca1c8e8df79dd8519480e5c015ae6cf3ba7de8669e260561616a36eb9c308b5983ab0	1	3	d8683e8a10a1d33ea8702d448689b5baf90e73eb598a482675c98b6474623f17
1791377153	145	04f700a417754b775d95421973bdbdadb2d23c8a5af46f1829b1431f5c136e549e8a0d61aa0c793f1a614f8e437711c7758473c6ceb0859ac7e9e07911ca66b5c4	1	3	b980ee85c74cdb62375b36bfd62a3ff7531b5048e9d5c3ddb25bbc5954dfdffe
1791377153	145	04dbe32c2062240a4ba0bcad01d7edd98c78b51c77765d5e1e5e9fa3743d2f12a1f82f42cd7dc4f41445979117d790f23e9b3d08d0aa06d527c236172043e747fc	1	3	8f639f1db33ab608ecd00859b10024d393b7fb170b163cea64e3da0809d6509e
1791377153	146	04d8b6c325ae12e89823866b2a292a62d7acee520954761890a1621fef79dca1c8e8df79dd8519480e5c015ae6cf3ba7de8669e260561616a36eb9c308b5983ab0	1	3	85db162a898eae122afac2a105ab08ee50c331e77116c08c17eb9a9c55377d25
1791377154	146	04f700a417754b775d95421973bdbdadb2d23c8a5af46f1829b1431f5c136e549e8a0d61aa0c793f1a614f8e437711c7758473c6ceb0859ac7e9e07911ca66b5c4	1	3	ec18bbe1914f9e7b6c20360e23c344e731a05af10034cdff53f5e5ee59d98356
1791377154	146	04dbe32c2062240a4ba0bcad01d7edd98c78b51c77765d5e1e5e9fa3743d2f12a1f82f42cd7dc4f41445979117d790f23e9b3d08d0aa06d527c236172043e747fc	1	3	803e9abaa90337031548ac5da86be54548c7221a6111a0a1474f5d05dbfa4ff2
1791377154	147	04f700a417754b775d95421973bdbdadb2d23c8a5af46f1829b1431f5c136e549e8a0d61aa0c793f1a614f8e437711c7758473c6ceb0859ac7e9e07911ca66b5c4	1	3	655af096ee08d07f6632337d1b9e2aa1dff33464435987898381cf8193062252
1791377154	147	04dbe32c2062240a4ba0bcad01d7edd98c78b51c77765d5e1e5e9fa3743d2f12a1f82f42cd7dc4f41445979117d790f23e9b3d08d0aa06d527c236172043e747fc	1	3	f94b45527cd3332d6877f036f87c37d4031d4c94984cc700ecc9443f63f57aba
1791377154	147	04d8b6c325ae12e89823866b2a292a62d7acee520954761890a1621fef79dca1c8e8df79dd8519480e5c015ae6cf3ba7de8669e260561616a36eb9c308b5983ab0	1	3	c953f02b0b834c29c89ad8ad9b99563d718a3e38565b1032bbf42ed77af4bcc5
1791377156	148	04dbe32c2062240a4ba0bcad01d7edd98c78b51c77765d5e1e5e9fa3743d2f12a1f82f42cd7dc4f41445979117d790f23e9b3d08d0aa06d527c236172043e747fc	1	3	cc8978f1b5ba70ad51c03369810918bb5e017c9e4305898f2d0f2c94eadb332b
1791377156	148	04f700a417754b775d95421973bdbdadb2d23c8a5af46f1829b1431f5c136e549e8a0d61aa0c793f1a614f8e437711c7758473c6ceb0859ac7e9e07911ca66b5c4	1	3	c2f937e621f1d06ea04c58bf04af7381f6648aa4d46d25596b7d266f4586c00c
1791377156	148	04d8b6c325ae12e89823866b2a292a62d7acee520954761890a1621fef79dca1c8e8df79dd8519480e5c015ae6cf3ba7de8669e260561616a36eb9c308b5983ab0	1	3	3bd0782306af98b2bf0e07d83d5058687ccfc692680658f32628f44a6343b2b8
1791377157	149	04d8b6c325ae12e89823866b2a292a62d7acee520954761890a1621fef79dca1c8e8df79dd8519480e5c015ae6cf3ba7de8669e260561616a36eb9c308b5983ab0	1	3	c703182e3274d032fc1764e98056fae174993d4ecf8b6bba4681a5b2ff1a41f5
1791377157	149	04dbe32c2062240a4ba0bcad01d7edd98c78b51c77765d5e1e5e9fa3743d2f12a1f82f42cd7dc4f41445979117d790f23e9b3d08d0aa06d527c236172043e747fc	1	3	9350fb0a24df29e53229c960443ea6626286af9182b29503517d09e291889b1a
1791377157	149	04f700a417754b775d95421973bdbdadb2d23c8a5af46f1829b1431f5c136e549e8a0d61aa0c793f1a614f8e437711c7758473c6ceb0859ac7e9e07911ca66b5c4	1	3	7a0d11063afe8034a63e02598efba4d39704c4e56ae455f21f4782ba06b534f4
1791377157	150	04f700a417754b775d95421973bdbdadb2d23c8a5af46f1829b1431f5c136e549e8a0d61aa0c793f1a614f8e437711c7758473c6ceb0859ac7e9e07911ca66b5c4	1	3	8261b630666013bb745de0b50667394686ec1c1d4e44d64a91a58081d6080b80
1791377157	150	04dbe32c2062240a4ba0bcad01d7edd98c78b51c77765d5e1e5e9fa3743d2f12a1f82f42cd7dc4f41445979117d790f23e9b3d08d0aa06d527c236172043e747fc	1	3	95854c52a575320761cce5ec09a0f86635cbf87266457b18a566639d44cea913
1791377157	150	04d8b6c325ae12e89823866b2a292a62d7acee520954761890a1621fef79dca1c8e8df79dd8519480e5c015ae6cf3ba7de8669e260561616a36eb9c308b5983ab0	1	3	d280ecf12ee403ffce2a34a6421b67230e5dc47591563a4154467dda109b78bb
1791377158	151	04d8b6c325ae12e89823866b2a292a62d7acee520954761890a1621fef79dca1c8e8df79dd8519480e5c015ae6cf3ba7de8669e260561616a36eb9c308b5983ab0	1	3	ba2073846a66c71413c7e33400811ff7509786ecc00808698ae21ef40792a559
1791377158	151	04f700a417754b775d95421973bdbdadb2d23c8a5af46f1829b1431f5c136e549e8a0d61aa0c793f1a614f8e437711c7758473c6ceb0859ac7e9e07911ca66b5c4	1	3	7363dddd9be16fdf09223f3fbbb73e357908c55758d7ef75c46251d2e538490e
1791377158	151	04dbe32c2062240a4ba0bcad01d7edd98c78b51c77765d5e1e5e9fa3743d2f12a1f82f42cd7dc4f41445979117d790f23e9b3d08d0aa06d527c236172043e747fc	1	3	652f5d02934908fbb2ee38c4d1d46cdd4e1cbb7d5a936906b59c114b9bbf0ca3
1791377159	152	04dbe32c2062240a4ba0bcad01d7edd98c78b51c77765d5e1e5e9fa3743d2f12a1f82f42cd7dc4f41445979117d790f23e9b3d08d0aa06d527c236172043e747fc	1	3	981603437da0186b2aaa3092f2695a993949bce0f81c9e313df87de550b22704
1791377159	152	04f700a417754b775d95421973bdbdadb2d23c8a5af46f1829b1431f5c136e549e8a0d61aa0c793f1a614f8e437711c7758473c6ceb0859ac7e9e07911ca66b5c4	1	3	7b60a5f81a1f48c0a23bf6a1fdd381ea67699461e1afb42a60689ec9e22059fc
1791377159	152	04d8b6c325ae12e89823866b2a292a62d7acee520954761890a1621fef79dca1c8e8df79dd8519480e5c015ae6cf3ba7de8669e260561616a36eb9c308b5983ab0	1	3	66a2b94b9002e4befe3034d27765e143bf875dbcc9e2b3b9ceebad90224b6591
1791377159	153	04f700a417754b775d95421973bdbdadb2d23c8a5af46f1829b1431f5c136e549e8a0d61aa0c793f1a614f8e437711c7758473c6ceb0859ac7e9e07911ca66b5c4	1	3	efd821d0d5eadc5b838c8ec9e9793a4ae0cb76ee82232ecbbde0b1c8f889767a
1791377159	153	04dbe32c2062240a4ba0bcad01d7edd98c78b51c77765d5e1e5e9fa3743d2f12a1f82f42cd7dc4f41445979117d790f23e9b3d08d0aa06d527c236172043e747fc	1	3	1669a2edc64077b9940247df32b037d35e7e081ec88193e17f98e16be9afd9af
1791377159	153	04d8b6c325ae12e89823866b2a292a62d7acee520954761890a1621fef79dca1c8e8df79dd8519480e5c015ae6cf3ba7de8669e260561616a36eb9c308b5983ab0	1	3	c8331d29deac3905d54b9bd8b16f2e032b4c184f99992564b3791cb7c23fe97d
1791377160	154	04f700a417754b775d95421973bdbdadb2d23c8a5af46f1829b1431f5c136e549e8a0d61aa0c793f1a614f8e437711c7758473c6ceb0859ac7e9e07911ca66b5c4	1	3	dd2cfc16eef9a28c79cf338af2d0d01b82fb6b5e3784cbb6f8521c9e301eb8e8
1791377160	154	04d8b6c325ae12e89823866b2a292a62d7acee520954761890a1621fef79dca1c8e8df79dd8519480e5c015ae6cf3ba7de8669e260561616a36eb9c308b5983ab0	1	3	273708efaa9520a5e699d0921711a6e6e6e65ba478e691cc865c1bfda6c9a8bd
1791377160	154	04dbe32c2062240a4ba0bcad01d7edd98c78b51c77765d5e1e5e9fa3743d2f12a1f82f42cd7dc4f41445979117d790f23e9b3d08d0aa06d527c236172043e747fc	1	3	0efc76fd66eafa3e655fbc57bb1b65b888b20581bc88f7b4fa1f8a83e0708812
1791377162	155	04dbe32c2062240a4ba0bcad01d7edd98c78b51c77765d5e1e5e9fa3743d2f12a1f82f42cd7dc4f41445979117d790f23e9b3d08d0aa06d527c236172043e747fc	1	3	cd8bec9d25352b9649d6fdacd726dd30b206893b9351e0e181ecbb6fe6e41342
1791377162	155	04f700a417754b775d95421973bdbdadb2d23c8a5af46f1829b1431f5c136e549e8a0d61aa0c793f1a614f8e437711c7758473c6ceb0859ac7e9e07911ca66b5c4	1	3	7a4415c982941218ba67c06f6785dc7efa46dbbdae7e23176d1c708f0d0f290f
1791377162	155	04d8b6c325ae12e89823866b2a292a62d7acee520954761890a1621fef79dca1c8e8df79dd8519480e5c015ae6cf3ba7de8669e260561616a36eb9c308b5983ab0	1	3	21745851c91a619e432aaec64d471e721e8e6336ff84450a14065fd8267a1dfb
1791377162	156	04f700a417754b775d95421973bdbdadb2d23c8a5af46f1829b1431f5c136e549e8a0d61aa0c793f1a614f8e437711c7758473c6ceb0859ac7e9e07911ca66b5c4	1	3	758e82d08f2a177c2a789e8cd6dcdda8dfe5ad4b5439585dddf3fdea84d6274f
1791377162	156	04d8b6c325ae12e89823866b2a292a62d7acee520954761890a1621fef79dca1c8e8df79dd8519480e5c015ae6cf3ba7de8669e260561616a36eb9c308b5983ab0	1	3	6ea58abdb6265c431beaa0b2bf94f159d054979aecab1559d7c3788dc199c5ce
1791377163	156	04dbe32c2062240a4ba0bcad01d7edd98c78b51c77765d5e1e5e9fa3743d2f12a1f82f42cd7dc4f41445979117d790f23e9b3d08d0aa06d527c236172043e747fc	1	3	3d8060a8bc09d2288345ef3449edddef6e83efe0751023bb571911ec85f9d1f0
1791377163	157	04dbe32c2062240a4ba0bcad01d7edd98c78b51c77765d5e1e5e9fa3743d2f12a1f82f42cd7dc4f41445979117d790f23e9b3d08d0aa06d527c236172043e747fc	1	3	c8eb0744906e1669097e54cb4e19b609048530722d3d25a1b4002b8188833447
1791377163	157	04f700a417754b775d95421973bdbdadb2d23c8a5af46f1829b1431f5c136e549e8a0d61aa0c793f1a614f8e437711c7758473c6ceb0859ac7e9e07911ca66b5c4	1	3	0c7edd1e0a53a054b3e5272fb7232ad0ec3f0abb46598f5b1a1e71c92732e914
1791377163	157	04d8b6c325ae12e89823866b2a292a62d7acee520954761890a1621fef79dca1c8e8df79dd8519480e5c015ae6cf3ba7de8669e260561616a36eb9c308b5983ab0	1	3	3b85512cc7c4bc5227cfefcd0a67ec38fcbbc91c79bd6963f268fbdbb7a0a958
1791377164	158	04f700a417754b775d95421973bdbdadb2d23c8a5af46f1829b1431f5c136e549e8a0d61aa0c793f1a614f8e437711c7758473c6ceb0859ac7e9e07911ca66b5c4	1	3	d9a4181c890f55524bfa38b306f18f80582487d85185bd6505135afd932a8a84
1791377164	158	04d8b6c325ae12e89823866b2a292a62d7acee520954761890a1621fef79dca1c8e8df79dd8519480e5c015ae6cf3ba7de8669e260561616a36eb9c308b5983ab0	1	3	5d5127e5016afb1868f6fb3386e446dccab4d84a2a7dfdd001f225e58d12f0bf
1791377164	158	04dbe32c2062240a4ba0bcad01d7edd98c78b51c77765d5e1e5e9fa3743d2f12a1f82f42cd7dc4f41445979117d790f23e9b3d08d0aa06d527c236172043e747fc	1	3	4ca9082c2ed37ed9791b274ce0454be429092d102b1da44a2bf17baddbb95a36
1791377165	159	04d8b6c325ae12e89823866b2a292a62d7acee520954761890a1621fef79dca1c8e8df79dd8519480e5c015ae6cf3ba7de8669e260561616a36eb9c308b5983ab0	1	3	f86b5dcf769f55d7392321757d5d834f0ccf7e11edc89bf8aa3d98df1cc85f45
1791377165	159	04dbe32c2062240a4ba0bcad01d7edd98c78b51c77765d5e1e5e9fa3743d2f12a1f82f42cd7dc4f41445979117d790f23e9b3d08d0aa06d527c236172043e747fc	1	3	ec92ca50763e3966e9b10f2baf458bfccffd1ea0dcdd7d06ea592c5a9ecd1f05
1791377165	159	04f700a417754b775d95421973bdbdadb2d23c8a5af46f1829b1431f5c136e549e8a0d61aa0c793f1a614f8e437711c7758473c6ceb0859ac7e9e07911ca66b5c4	1	3	c0e01b05061a5e3ecb26dfc5e3045298a6bbac49bef4ff2d60d70c4eff603bd7
1791377165	160	04f700a417754b775d95421973bdbdadb2d23c8a5af46f1829b1431f5c136e549e8a0d61aa0c793f1a614f8e437711c7758473c6ceb0859ac7e9e07911ca66b5c4	1	3	df189d9bed431d715dead47afc93bf8c1ee3def1a87b1234544eda6311c04969
1791377165	160	04dbe32c2062240a4ba0bcad01d7edd98c78b51c77765d5e1e5e9fa3743d2f12a1f82f42cd7dc4f41445979117d790f23e9b3d08d0aa06d527c236172043e747fc	1	3	40c9e9e32832aecb8accc2ed87970f66435b34c4a9bde04c1098d644ff37a869
1791377165	160	04d8b6c325ae12e89823866b2a292a62d7acee520954761890a1621fef79dca1c8e8df79dd8519480e5c015ae6cf3ba7de8669e260561616a36eb9c308b5983ab0	1	3	16338c4428346d249e1a43d12317a7ad7f13d23b56f63eb47f63d7887fb61563
1791377166	161	04f700a417754b775d95421973bdbdadb2d23c8a5af46f1829b1431f5c136e549e8a0d61aa0c793f1a614f8e437711c7758473c6ceb0859ac7e9e07911ca66b5c4	1	3	8d3b8652e050dc1959fdb03e776e0c3288a181d9142f434750918136c13518fe
1791377166	161	04dbe32c2062240a4ba0bcad01d7edd98c78b51c77765d5e1e5e9fa3743d2f12a1f82f42cd7dc4f41445979117d790f23e9b3d08d0aa06d527c236172043e747fc	1	3	56f65d409aa5192ce7f670b02452524b034a2d44727fe8c7f0adb6beaebedb64
1791377166	161	04d8b6c325ae12e89823866b2a292a62d7acee520954761890a1621fef79dca1c8e8df79dd8519480e5c015ae6cf3ba7de8669e260561616a36eb9c308b5983ab0	1	3	e03309f4ad7ec0f1a61828f2de071ba69df997219cb52919cc4d61dd26126095
1791377168	162	04d8b6c325ae12e89823866b2a292a62d7acee520954761890a1621fef79dca1c8e8df79dd8519480e5c015ae6cf3ba7de8669e260561616a36eb9c308b5983ab0	1	3	8e4420183488bb411d1e3640b1d58f3ede0299ab0475530887f4d6786625d429
1791377168	162	04f700a417754b775d95421973bdbdadb2d23c8a5af46f1829b1431f5c136e549e8a0d61aa0c793f1a614f8e437711c7758473c6ceb0859ac7e9e07911ca66b5c4	1	3	3a599e49d342e62a431b58a2125a138598d93b96f2e36e805cb34d36385f5109
1791377168	162	04dbe32c2062240a4ba0bcad01d7edd98c78b51c77765d5e1e5e9fa3743d2f12a1f82f42cd7dc4f41445979117d790f23e9b3d08d0aa06d527c236172043e747fc	1	3	54e46edd4a1c1ba340280604982b053cfe24c2f3d3b79ba805656d57375e7585
1791377169	163	04dbe32c2062240a4ba0bcad01d7edd98c78b51c77765d5e1e5e9fa3743d2f12a1f82f42cd7dc4f41445979117d790f23e9b3d08d0aa06d527c236172043e747fc	1	3	3f26a920a25c1982510ddd5661d761c7e55fe2967b79be1bf3d6af70b63f6ece
1791377169	163	04f700a417754b775d95421973bdbdadb2d23c8a5af46f1829b1431f5c136e549e8a0d61aa0c793f1a614f8e437711c7758473c6ceb0859ac7e9e07911ca66b5c4	1	3	122bb70025ef14b5018336fa1770b0772ca02819902811b003415df89cac9c64
1791377169	163	04d8b6c325ae12e89823866b2a292a62d7acee520954761890a1621fef79dca1c8e8df79dd8519480e5c015ae6cf3ba7de8669e260561616a36eb9c308b5983ab0	1	3	1b0027601ebf14b718b4faaf842b5a795f8bc56ab8413f54c42c89be26748861
1791377170	164	04f700a417754b775d95421973bdbdadb2d23c8a5af46f1829b1431f5c136e549e8a0d61aa0c793f1a614f8e437711c7758473c6ceb0859ac7e9e07911ca66b5c4	1	3	4bfbde232a22ef58c93190ce774bd23f55c11cd15e09f3811f28bd39409e3bcc
1791377170	164	04d8b6c325ae12e89823866b2a292a62d7acee520954761890a1621fef79dca1c8e8df79dd8519480e5c015ae6cf3ba7de8669e260561616a36eb9c308b5983ab0	1	3	992e9e7d034f56727c6c5c11f749a29fbdebe50597a5d665806c0b6ef34e0111
1791377171	164	04dbe32c2062240a4ba0bcad01d7edd98c78b51c77765d5e1e5e9fa3743d2f12a1f82f42cd7dc4f41445979117d790f23e9b3d08d0aa06d527c236172043e747fc	1	3	b944772fd973bcac712e244badbbd002a2915d86d97b62bee0a7a1357f55c163
1791377171	165	04f700a417754b775d95421973bdbdadb2d23c8a5af46f1829b1431f5c136e549e8a0d61aa0c793f1a614f8e437711c7758473c6ceb0859ac7e9e07911ca66b5c4	1	3	cfdc76c1e789d125a9e50a1289772e8ffbc4b6babfd3c43fb2331f0cc3e68aaf
1791377171	165	04dbe32c2062240a4ba0bcad01d7edd98c78b51c77765d5e1e5e9fa3743d2f12a1f82f42cd7dc4f41445979117d790f23e9b3d08d0aa06d527c236172043e747fc	1	3	8b291b356c38fbd663e1738c30bc833291cfefde905f07f13c565faf64d2be4a
1791377171	165	04d8b6c325ae12e89823866b2a292a62d7acee520954761890a1621fef79dca1c8e8df79dd8519480e5c015ae6cf3ba7de8669e260561616a36eb9c308b5983ab0	1	3	2cb4440e42ddea5381500774fb610fc40e916ed09eee861cabb2d143be61c7c8
1791377173	166	04f700a417754b775d95421973bdbdadb2d23c8a5af46f1829b1431f5c136e549e8a0d61aa0c793f1a614f8e437711c7758473c6ceb0859ac7e9e07911ca66b5c4	1	3	dae237353068d976db0415dcb21a4b2d70e6c0f38629d818d465d92be40b41ed
1791377173	166	04d8b6c325ae12e89823866b2a292a62d7acee520954761890a1621fef79dca1c8e8df79dd8519480e5c015ae6cf3ba7de8669e260561616a36eb9c308b5983ab0	1	3	63f937d509f01beca2deace33d157baf07bc23a8fb5124fb5dfc3e1939760e37
1791377173	166	04dbe32c2062240a4ba0bcad01d7edd98c78b51c77765d5e1e5e9fa3743d2f12a1f82f42cd7dc4f41445979117d790f23e9b3d08d0aa06d527c236172043e747fc	1	3	f9093715b95aa410a4df61b1ca90ba284bed1e900baf52b8003c5b3f2dff6dfb
1791377174	167	04d8b6c325ae12e89823866b2a292a62d7acee520954761890a1621fef79dca1c8e8df79dd8519480e5c015ae6cf3ba7de8669e260561616a36eb9c308b5983ab0	1	3	e63b43dc7301920bfd22bb4d966504e526d7b7e73ad9e6e6fe30fa91f2cfb28c
1791377174	167	04f700a417754b775d95421973bdbdadb2d23c8a5af46f1829b1431f5c136e549e8a0d61aa0c793f1a614f8e437711c7758473c6ceb0859ac7e9e07911ca66b5c4	1	3	32c0573aa239aa8247f06a78d1b2659fc4748df8ce3e7dd0f599f2c90af279ba
1791377174	167	04dbe32c2062240a4ba0bcad01d7edd98c78b51c77765d5e1e5e9fa3743d2f12a1f82f42cd7dc4f41445979117d790f23e9b3d08d0aa06d527c236172043e747fc	1	3	1e3b8edd0168fe14ac319b2ff51d848578aef889ad5e5fd853d94f7b766d5f87
1791377175	168	04d8b6c325ae12e89823866b2a292a62d7acee520954761890a1621fef79dca1c8e8df79dd8519480e5c015ae6cf3ba7de8669e260561616a36eb9c308b5983ab0	1	3	c27b1ac6acaec2d7eb63994c15b518006665f36e727807c10244831eb7fc9d43
1791377175	168	04f700a417754b775d95421973bdbdadb2d23c8a5af46f1829b1431f5c136e549e8a0d61aa0c793f1a614f8e437711c7758473c6ceb0859ac7e9e07911ca66b5c4	1	3	5308a894807cae05aa582cdc48d5142ad4083acc45efef31ec70894fb219d626
1791377175	168	04dbe32c2062240a4ba0bcad01d7edd98c78b51c77765d5e1e5e9fa3743d2f12a1f82f42cd7dc4f41445979117d790f23e9b3d08d0aa06d527c236172043e747fc	1	3	215a01495219330af5cfc9af2c8557f53fa1118278fca2c0bfd708db1ebaf32b
1791377175	169	04f700a417754b775d95421973bdbdadb2d23c8a5af46f1829b1431f5c136e549e8a0d61aa0c793f1a614f8e437711c7758473c6ceb0859ac7e9e07911ca66b5c4	1	3	6b5110d483a6a8d4bbe2c10f38fb279283a947b29332ac7b5c94a9f9fd89370a
1791377176	169	04d8b6c325ae12e89823866b2a292a62d7acee520954761890a1621fef79dca1c8e8df79dd8519480e5c015ae6cf3ba7de8669e260561616a36eb9c308b5983ab0	1	3	99a0895c3d92aae68a724beeebd2b956f9411264ec1dc94f26e93d2685afa169
1791377176	169	04dbe32c2062240a4ba0bcad01d7edd98c78b51c77765d5e1e5e9fa3743d2f12a1f82f42cd7dc4f41445979117d790f23e9b3d08d0aa06d527c236172043e747fc	1	3	1a5cb74f62dca2b895e0fd8891e9265228ce8cca33633e64611b000f3bd41e87
1791377176	170	04f700a417754b775d95421973bdbdadb2d23c8a5af46f1829b1431f5c136e549e8a0d61aa0c793f1a614f8e437711c7758473c6ceb0859ac7e9e07911ca66b5c4	1	3	799fb71b0eaee972d7dbbc76ae99b3e4beb0d308f1efa9a705ef167a8f340824
1791377176	170	04d8b6c325ae12e89823866b2a292a62d7acee520954761890a1621fef79dca1c8e8df79dd8519480e5c015ae6cf3ba7de8669e260561616a36eb9c308b5983ab0	1	3	d2e1f57ea60a6ed92c31273de420ed2f5fddfcb1e77dcd706ed0858b92175411
1791377177	170	04dbe32c2062240a4ba0bcad01d7edd98c78b51c77765d5e1e5e9fa3743d2f12a1f82f42cd7dc4f41445979117d790f23e9b3d08d0aa06d527c236172043e747fc	1	3	b57ede7c3b1fd52b5c7780a3bf9d7a02d5ebc4b00ec12f82f28aae3be94daeae
1791377177	171	04f700a417754b775d95421973bdbdadb2d23c8a5af46f1829b1431f5c136e549e8a0d61aa0c793f1a614f8e437711c7758473c6ceb0859ac7e9e07911ca66b5c4	1	3	26d35dc5d0cfeb256f79da5e86cffa1ffd5d206b8f150bcfe3b3f4ec7db81899
1791377177	171	04dbe32c2062240a4ba0bcad01d7edd98c78b51c77765d5e1e5e9fa3743d2f12a1f82f42cd7dc4f41445979117d790f23e9b3d08d0aa06d527c236172043e747fc	1	3	2ea6971a85f83b54b1b376970ba967d2fbcb7e486a2151503be301b0935a92bc
1791377179	171	04d8b6c325ae12e89823866b2a292a62d7acee520954761890a1621fef79dca1c8e8df79dd8519480e5c015ae6cf3ba7de8669e260561616a36eb9c308b5983ab0	1	3	09d0a5c8deacdaa63534a8596e7f5c8452efc1acd101b6076ee5af5c0619d39b
1791377179	172	04f700a417754b775d95421973bdbdadb2d23c8a5af46f1829b1431f5c136e549e8a0d61aa0c793f1a614f8e437711c7758473c6ceb0859ac7e9e07911ca66b5c4	1	3	410edd94410672762c205e82f9f961f593ff3e6a61cab1e60f0f8385b833b6c0
1791377179	172	04d8b6c325ae12e89823866b2a292a62d7acee520954761890a1621fef79dca1c8e8df79dd8519480e5c015ae6cf3ba7de8669e260561616a36eb9c308b5983ab0	1	3	ab05d8f662fbe03ae586066ccc484737fc2ed98ff3e2b7550effe703ea5e3c8d
1791377180	172	04dbe32c2062240a4ba0bcad01d7edd98c78b51c77765d5e1e5e9fa3743d2f12a1f82f42cd7dc4f41445979117d790f23e9b3d08d0aa06d527c236172043e747fc	1	3	3842cb4d32fad56a4c47ae37a51c75070bf0f24e04a33d8b1e29f9998c2d7dc3
1791377180	173	04f700a417754b775d95421973bdbdadb2d23c8a5af46f1829b1431f5c136e549e8a0d61aa0c793f1a614f8e437711c7758473c6ceb0859ac7e9e07911ca66b5c4	1	3	8470a9d7b23d1549011201686a9a59f7258a963f84fa5ca2e4d4728e52db8062
1791377180	173	04d8b6c325ae12e89823866b2a292a62d7acee520954761890a1621fef79dca1c8e8df79dd8519480e5c015ae6cf3ba7de8669e260561616a36eb9c308b5983ab0	1	3	43fe1f54aa416a35b3e65aa5ae910d03f8e66071b92cda28ee8b067c82343dc0
1791377180	173	04dbe32c2062240a4ba0bcad01d7edd98c78b51c77765d5e1e5e9fa3743d2f12a1f82f42cd7dc4f41445979117d790f23e9b3d08d0aa06d527c236172043e747fc	1	3	29b6d1915fc4abcdf879ad44724ce60f6b0c7492d50ccc7ef9e43260251f19cb
1791377181	174	04dbe32c2062240a4ba0bcad01d7edd98c78b51c77765d5e1e5e9fa3743d2f12a1f82f42cd7dc4f41445979117d790f23e9b3d08d0aa06d527c236172043e747fc	1	3	be44f36285075f95f88b13406c58845da81593b973ab7abb5413fb1b55621d28
1791377181	174	04f700a417754b775d95421973bdbdadb2d23c8a5af46f1829b1431f5c136e549e8a0d61aa0c793f1a614f8e437711c7758473c6ceb0859ac7e9e07911ca66b5c4	1	3	a03a47264909eb2c1946629322963a39da0cf793cf880ec95e5faef667fcedaf
1791377181	174	04d8b6c325ae12e89823866b2a292a62d7acee520954761890a1621fef79dca1c8e8df79dd8519480e5c015ae6cf3ba7de8669e260561616a36eb9c308b5983ab0	1	3	6f654b865ec78695808f188e7209c3cfc297581b5e535873e2eeb05ae707ce9f
1791377181	175	04f700a417754b775d95421973bdbdadb2d23c8a5af46f1829b1431f5c136e549e8a0d61aa0c793f1a614f8e437711c7758473c6ceb0859ac7e9e07911ca66b5c4	1	3	1db17dacf68d965790334b40b64b296cafd69eac0063ed3c3442d8e64b2433e0
1791377181	175	04dbe32c2062240a4ba0bcad01d7edd98c78b51c77765d5e1e5e9fa3743d2f12a1f82f42cd7dc4f41445979117d790f23e9b3d08d0aa06d527c236172043e747fc	1	3	292cdfb5804b5b45ada841bcf415f915b9c48a8033d8c7ede9a7436371f72c37
1791377181	175	04d8b6c325ae12e89823866b2a292a62d7acee520954761890a1621fef79dca1c8e8df79dd8519480e5c015ae6cf3ba7de8669e260561616a36eb9c308b5983ab0	1	3	aa330695a95b76d1080f2a6e9b49d837ca6ecc40ad242f5aaaa4f51fc7681fb2
1791377182	176	04f700a417754b775d95421973bdbdadb2d23c8a5af46f1829b1431f5c136e549e8a0d61aa0c793f1a614f8e437711c7758473c6ceb0859ac7e9e07911ca66b5c4	1	3	a51c4a3cc2e8fc6a104c7026f628d728e85008d9aee06bac18547b5b55b6da9d
1791377182	176	04dbe32c2062240a4ba0bcad01d7edd98c78b51c77765d5e1e5e9fa3743d2f12a1f82f42cd7dc4f41445979117d790f23e9b3d08d0aa06d527c236172043e747fc	1	3	3f818ae300aea53e43b285eb6c2ded1b302f7da999c542637351a16c2cab2d84
1791377182	176	04d8b6c325ae12e89823866b2a292a62d7acee520954761890a1621fef79dca1c8e8df79dd8519480e5c015ae6cf3ba7de8669e260561616a36eb9c308b5983ab0	1	3	2f5e0d78349868922a0587afaa2170dc28b6017c508a1c1396d5ba722c568706
1791377184	177	04f700a417754b775d95421973bdbdadb2d23c8a5af46f1829b1431f5c136e549e8a0d61aa0c793f1a614f8e437711c7758473c6ceb0859ac7e9e07911ca66b5c4	1	3	9afd30fbf1b2aa4cad927c6903087e5437dec4bdc167b05ded64ebe6fdbe680b
1791377184	177	04d8b6c325ae12e89823866b2a292a62d7acee520954761890a1621fef79dca1c8e8df79dd8519480e5c015ae6cf3ba7de8669e260561616a36eb9c308b5983ab0	1	3	4ef580918ae2d471ec0ae876ad91034d4ce26a5b4d236e049836e3e37d8f493e
1791377184	177	04dbe32c2062240a4ba0bcad01d7edd98c78b51c77765d5e1e5e9fa3743d2f12a1f82f42cd7dc4f41445979117d790f23e9b3d08d0aa06d527c236172043e747fc	1	3	17490b7e15d6670d941ab9e7f7039314e95eb8172e4587591a5cfa6c2226fa69
1791377184	178	04f700a417754b775d95421973bdbdadb2d23c8a5af46f1829b1431f5c136e549e8a0d61aa0c793f1a614f8e437711c7758473c6ceb0859ac7e9e07911ca66b5c4	1	3	1e0f1088df8276139afc94ed935b627da3314b97337ee92137d5fb9210fac59f
1791377184	178	04d8b6c325ae12e89823866b2a292a62d7acee520954761890a1621fef79dca1c8e8df79dd8519480e5c015ae6cf3ba7de8669e260561616a36eb9c308b5983ab0	1	3	f98e1cf8b28e759cda5eacb2741c1ed5251e98137b74da97e2da714b2e1bc751
1791377185	178	04dbe32c2062240a4ba0bcad01d7edd98c78b51c77765d5e1e5e9fa3743d2f12a1f82f42cd7dc4f41445979117d790f23e9b3d08d0aa06d527c236172043e747fc	1	3	2214cfc668857ce2ea61df831257df326d5279a75c4bfc9a786f141fefe6f3a9
1791377185	179	04dbe32c2062240a4ba0bcad01d7edd98c78b51c77765d5e1e5e9fa3743d2f12a1f82f42cd7dc4f41445979117d790f23e9b3d08d0aa06d527c236172043e747fc	1	3	dd7ef2450d4ecc8f6baffe7f201d02bb067ba8e633880799cd98c03612c75d3d
1791377185	179	04f700a417754b775d95421973bdbdadb2d23c8a5af46f1829b1431f5c136e549e8a0d61aa0c793f1a614f8e437711c7758473c6ceb0859ac7e9e07911ca66b5c4	1	3	6f2bfe5e17d241f7e520fea5343fe75025cbb8704b01f4bfd71ee909cf82af74
1791377185	179	04d8b6c325ae12e89823866b2a292a62d7acee520954761890a1621fef79dca1c8e8df79dd8519480e5c015ae6cf3ba7de8669e260561616a36eb9c308b5983ab0	1	3	482d50e95ff6682896a09dccdbeff572e0f9bfda9869651ad87559bec6752b57
1791377186	180	04dbe32c2062240a4ba0bcad01d7edd98c78b51c77765d5e1e5e9fa3743d2f12a1f82f42cd7dc4f41445979117d790f23e9b3d08d0aa06d527c236172043e747fc	1	3	eb776081fab4a8331f45d60a3c48a3589fb1a1e9c20adf23bc642f66553752eb
1791377186	180	04f700a417754b775d95421973bdbdadb2d23c8a5af46f1829b1431f5c136e549e8a0d61aa0c793f1a614f8e437711c7758473c6ceb0859ac7e9e07911ca66b5c4	1	3	bd727f6c923df595f24d60274053e155d03532fb02e56447dfae17cdd30372ca
1791377186	180	04d8b6c325ae12e89823866b2a292a62d7acee520954761890a1621fef79dca1c8e8df79dd8519480e5c015ae6cf3ba7de8669e260561616a36eb9c308b5983ab0	1	3	2e0bdab38e72de180efea775a06b2b1c6b0b1336321888aef5a659bbc08ac6c3
1791377187	181	04f700a417754b775d95421973bdbdadb2d23c8a5af46f1829b1431f5c136e549e8a0d61aa0c793f1a614f8e437711c7758473c6ceb0859ac7e9e07911ca66b5c4	1	3	e93f1f27d6c3bec50982fb92eb5bef96637d9de64e0b6d7e369a84c3bec37479
1791377187	181	04dbe32c2062240a4ba0bcad01d7edd98c78b51c77765d5e1e5e9fa3743d2f12a1f82f42cd7dc4f41445979117d790f23e9b3d08d0aa06d527c236172043e747fc	1	3	6f1e6a0d279ddc6079c7dc619b73e9c46b86e8967f7e525f641441dfe42df7fe
1791377187	181	04d8b6c325ae12e89823866b2a292a62d7acee520954761890a1621fef79dca1c8e8df79dd8519480e5c015ae6cf3ba7de8669e260561616a36eb9c308b5983ab0	1	3	5518e3e245c1d0d539be405dd128b60bee5ba61a12a68313c23957c964ff5992
1791377187	182	04f700a417754b775d95421973bdbdadb2d23c8a5af46f1829b1431f5c136e549e8a0d61aa0c793f1a614f8e437711c7758473c6ceb0859ac7e9e07911ca66b5c4	1	3	52e8f708d2d445ae42548081f5c2601d8b1504bc37aea1d6d39d4ddcc0a1fa03
1791377187	182	04d8b6c325ae12e89823866b2a292a62d7acee520954761890a1621fef79dca1c8e8df79dd8519480e5c015ae6cf3ba7de8669e260561616a36eb9c308b5983ab0	1	3	5d7d7f290d814f7fe4ded26a4fb9d64cc6bab4f4aef31bee023ff20cca68b0a6
1791377189	182	04dbe32c2062240a4ba0bcad01d7edd98c78b51c77765d5e1e5e9fa3743d2f12a1f82f42cd7dc4f41445979117d790f23e9b3d08d0aa06d527c236172043e747fc	1	3	7d224ae66f044ac0c6de625c3dbdade0ab6da2ab86b27046cafe7dbb034d73d5
1791377189	183	04f700a417754b775d95421973bdbdadb2d23c8a5af46f1829b1431f5c136e549e8a0d61aa0c793f1a614f8e437711c7758473c6ceb0859ac7e9e07911ca66b5c4	1	3	651cf0759e23cf22cf171cae12a74ad25341f2ebd9763cc8db3cc974678455f7
1791377189	183	04dbe32c2062240a4ba0bcad01d7edd98c78b51c77765d5e1e5e9fa3743d2f12a1f82f42cd7dc4f41445979117d790f23e9b3d08d0aa06d527c236172043e747fc	1	3	53b5155ddf4d2f6deb063d78f27be634c868f92c02859a0013569346bcfedee1
1791377189	183	04d8b6c325ae12e89823866b2a292a62d7acee520954761890a1621fef79dca1c8e8df79dd8519480e5c015ae6cf3ba7de8669e260561616a36eb9c308b5983ab0	1	3	adc7b47c26c63ba550d69de2114aa3af79a8e2e17b4ecba024aed883563c4e0a
1791377190	184	04dbe32c2062240a4ba0bcad01d7edd98c78b51c77765d5e1e5e9fa3743d2f12a1f82f42cd7dc4f41445979117d790f23e9b3d08d0aa06d527c236172043e747fc	1	3	7effce07072bcbdb16834eb2ce1e57105385dcaebab01d4030b1eb772f1ec0fb
1791377190	184	04d8b6c325ae12e89823866b2a292a62d7acee520954761890a1621fef79dca1c8e8df79dd8519480e5c015ae6cf3ba7de8669e260561616a36eb9c308b5983ab0	1	3	79bb179360babac45c0ebc1a6ba8abad788fb25c42bbe5537810feaea1cd6861
1791377190	184	04f700a417754b775d95421973bdbdadb2d23c8a5af46f1829b1431f5c136e549e8a0d61aa0c793f1a614f8e437711c7758473c6ceb0859ac7e9e07911ca66b5c4	1	3	78269fd380e152af5bc9763f6a52ad44b437ef8eb05173cfc17cd1981cf035e7
1791377190	185	04dbe32c2062240a4ba0bcad01d7edd98c78b51c77765d5e1e5e9fa3743d2f12a1f82f42cd7dc4f41445979117d790f23e9b3d08d0aa06d527c236172043e747fc	1	3	9cc02e23ecfb1a37e7a133138fa191af255fd5bfc04a4d25534aad53dbc07a13
1791377191	185	04d8b6c325ae12e89823866b2a292a62d7acee520954761890a1621fef79dca1c8e8df79dd8519480e5c015ae6cf3ba7de8669e260561616a36eb9c308b5983ab0	1	3	4b6388fc1e4db1c517ebaa2e234a39f8a05e715daf0e35b4a5fe08acafa2b0eb
1791377191	185	04f700a417754b775d95421973bdbdadb2d23c8a5af46f1829b1431f5c136e549e8a0d61aa0c793f1a614f8e437711c7758473c6ceb0859ac7e9e07911ca66b5c4	1	3	2a44c0d318cb77a514f0470f2e0cf653cde84f910e97f595186fd7268e2680ff
1791377191	186	04f700a417754b775d95421973bdbdadb2d23c8a5af46f1829b1431f5c136e549e8a0d61aa0c793f1a614f8e437711c7758473c6ceb0859ac7e9e07911ca66b5c4	1	3	b715fbfe96c3c4ffa876b38473c2d095f2d32410505e1d89994ef3c74eed8193
1791377191	186	04d8b6c325ae12e89823866b2a292a62d7acee520954761890a1621fef79dca1c8e8df79dd8519480e5c015ae6cf3ba7de8669e260561616a36eb9c308b5983ab0	1	3	4a3cea56d62a50d7b6eae8997f37ff52def05ad4da0f0c7c9e0833e18f748041
1791377192	186	04dbe32c2062240a4ba0bcad01d7edd98c78b51c77765d5e1e5e9fa3743d2f12a1f82f42cd7dc4f41445979117d790f23e9b3d08d0aa06d527c236172043e747fc	1	3	cb08a672e570f8985bd661ca47ecb597432ac65bb7f98458de8da8bf45fc8bd1
1791377192	187	04dbe32c2062240a4ba0bcad01d7edd98c78b51c77765d5e1e5e9fa3743d2f12a1f82f42cd7dc4f41445979117d790f23e9b3d08d0aa06d527c236172043e747fc	1	3	96e11e6a0ab708b85cd25ae18365aa118b69e225a5937125f6c703f8957e1729
1791377193	187	04f700a417754b775d95421973bdbdadb2d23c8a5af46f1829b1431f5c136e549e8a0d61aa0c793f1a614f8e437711c7758473c6ceb0859ac7e9e07911ca66b5c4	1	3	c347522105e81d66b041d4ae8e91c2c2927fcaad13ea04fed30410cd3b4eaccf
1791377193	187	04d8b6c325ae12e89823866b2a292a62d7acee520954761890a1621fef79dca1c8e8df79dd8519480e5c015ae6cf3ba7de8669e260561616a36eb9c308b5983ab0	1	3	2f4e33e3b2c23415b448d80aa47b0dfcc997347970bbb8c4d4d154fea6815c6b
1791377193	188	04f700a417754b775d95421973bdbdadb2d23c8a5af46f1829b1431f5c136e549e8a0d61aa0c793f1a614f8e437711c7758473c6ceb0859ac7e9e07911ca66b5c4	1	3	d523c2ab54e0f042ad8c3b9ec50e498f758e4ca794ae5f7ad493e64aac00f272
1791377193	188	04d8b6c325ae12e89823866b2a292a62d7acee520954761890a1621fef79dca1c8e8df79dd8519480e5c015ae6cf3ba7de8669e260561616a36eb9c308b5983ab0	1	3	0c697ae7dd499a537d1c9c44b6a833185b412511860589178134d4272d585acf
1791377193	188	04dbe32c2062240a4ba0bcad01d7edd98c78b51c77765d5e1e5e9fa3743d2f12a1f82f42cd7dc4f41445979117d790f23e9b3d08d0aa06d527c236172043e747fc	1	3	e0645326a5631a8cde3bddcf0ddee545c90ed1a02f1b388091d8c6d78c37e36b
1791377195	189	04dbe32c2062240a4ba0bcad01d7edd98c78b51c77765d5e1e5e9fa3743d2f12a1f82f42cd7dc4f41445979117d790f23e9b3d08d0aa06d527c236172043e747fc	1	3	7a1651f86a85882a035e06dd7e790cc6d60e84a68efda5fb2cd8ac2ebca3584e
1791377195	189	04f700a417754b775d95421973bdbdadb2d23c8a5af46f1829b1431f5c136e549e8a0d61aa0c793f1a614f8e437711c7758473c6ceb0859ac7e9e07911ca66b5c4	1	3	48ba80275a993477ff7fff32ba43c09fb579570e6e7b07a2bd434c5656b794a3
1791377195	189	04d8b6c325ae12e89823866b2a292a62d7acee520954761890a1621fef79dca1c8e8df79dd8519480e5c015ae6cf3ba7de8669e260561616a36eb9c308b5983ab0	1	3	2ee7d7c465cded7f1a921380f7500a139482aea29338baf86312b7e6bcccb5ff
1791377196	190	04f700a417754b775d95421973bdbdadb2d23c8a5af46f1829b1431f5c136e549e8a0d61aa0c793f1a614f8e437711c7758473c6ceb0859ac7e9e07911ca66b5c4	1	3	e1775d37303dd40196352d2cbbe03390091c913f965bad68b53ba306f5124159
1791377196	190	04d8b6c325ae12e89823866b2a292a62d7acee520954761890a1621fef79dca1c8e8df79dd8519480e5c015ae6cf3ba7de8669e260561616a36eb9c308b5983ab0	1	3	a512b696cc0c8297a85ae5aab447ae0a204df0a1a90c138ec05214d36118ce1f
1791377196	190	04dbe32c2062240a4ba0bcad01d7edd98c78b51c77765d5e1e5e9fa3743d2f12a1f82f42cd7dc4f41445979117d790f23e9b3d08d0aa06d527c236172043e747fc	1	3	25febd5df349725b80c4fb87952a203567a388ef5852babd9c3e596c3f557f50
1791377197	191	04d8b6c325ae12e89823866b2a292a62d7acee520954761890a1621fef79dca1c8e8df79dd8519480e5c015ae6cf3ba7de8669e260561616a36eb9c308b5983ab0	1	3	f7a5d0eadb7825e9342126215d1c56e1b13482eded19a4670116994670137852
1791377197	191	04f700a417754b775d95421973bdbdadb2d23c8a5af46f1829b1431f5c136e549e8a0d61aa0c793f1a614f8e437711c7758473c6ceb0859ac7e9e07911ca66b5c4	1	3	e542e6be8bbc2892e9f8e2d2931c6819ebbf208900cf5fc7b8e52c3192e406ab
1791377197	191	04dbe32c2062240a4ba0bcad01d7edd98c78b51c77765d5e1e5e9fa3743d2f12a1f82f42cd7dc4f41445979117d790f23e9b3d08d0aa06d527c236172043e747fc	1	3	3e14cf4ebd9108555e9adea1ade4e967c9267f00e20a71ad110f1f517b7d78f1
1791377197	192	04f700a417754b775d95421973bdbdadb2d23c8a5af46f1829b1431f5c136e549e8a0d61aa0c793f1a614f8e437711c7758473c6ceb0859ac7e9e07911ca66b5c4	1	3	d97c3e4d7c19358361b09eafcae8e788ed241279e2ab3ade7cc63bd994f579f2
1791377197	192	04d8b6c325ae12e89823866b2a292a62d7acee520954761890a1621fef79dca1c8e8df79dd8519480e5c015ae6cf3ba7de8669e260561616a36eb9c308b5983ab0	1	3	73dd54faecd4f18b4bd4c2ec45fd6f67d7828a08014cbf501a8ecdcc5c8f91d7
1791377197	192	04dbe32c2062240a4ba0bcad01d7edd98c78b51c77765d5e1e5e9fa3743d2f12a1f82f42cd7dc4f41445979117d790f23e9b3d08d0aa06d527c236172043e747fc	1	3	727fb43f23bf89f9f79450467b70204aba7ea0aa14aca29fca1d137a112f517a
1791377198	193	04f700a417754b775d95421973bdbdadb2d23c8a5af46f1829b1431f5c136e549e8a0d61aa0c793f1a614f8e437711c7758473c6ceb0859ac7e9e07911ca66b5c4	1	3	8401916ba8d02b32828e3671361f153dc7695df091a47b3413b19ca859bb8828
1791377198	193	04d8b6c325ae12e89823866b2a292a62d7acee520954761890a1621fef79dca1c8e8df79dd8519480e5c015ae6cf3ba7de8669e260561616a36eb9c308b5983ab0	1	3	6280f87635a8f0f5f7ccb1246b61dc41123eebc9a2c71b758a69515bb4a10472
1791377198	193	04dbe32c2062240a4ba0bcad01d7edd98c78b51c77765d5e1e5e9fa3743d2f12a1f82f42cd7dc4f41445979117d790f23e9b3d08d0aa06d527c236172043e747fc	1	3	1c3038da53ddb720b205281fe2e24453c9c529906efc119be22b8cf4dab0a7c3
1791377198	194	04d8b6c325ae12e89823866b2a292a62d7acee520954761890a1621fef79dca1c8e8df79dd8519480e5c015ae6cf3ba7de8669e260561616a36eb9c308b5983ab0	1	3	46b00760dffe7954d307f690ed3913af988ac5c80031ab75f1a0c9f11dd6df1c
1791377200	194	04dbe32c2062240a4ba0bcad01d7edd98c78b51c77765d5e1e5e9fa3743d2f12a1f82f42cd7dc4f41445979117d790f23e9b3d08d0aa06d527c236172043e747fc	1	3	543960ab7dc2406290fa805047cad70973d9ad6f7e4008d50c845b2a36818fef
1791377200	194	04f700a417754b775d95421973bdbdadb2d23c8a5af46f1829b1431f5c136e549e8a0d61aa0c793f1a614f8e437711c7758473c6ceb0859ac7e9e07911ca66b5c4	1	3	2caf5e504ea66d036a75efc5a57e6232b6cedf8dc54c6b79621895c81fa9d96f
1791377200	195	04f700a417754b775d95421973bdbdadb2d23c8a5af46f1829b1431f5c136e549e8a0d61aa0c793f1a614f8e437711c7758473c6ceb0859ac7e9e07911ca66b5c4	1	3	30c00eb00e51d987f58267b399ac93c3cd96570cfe9842eb54c185a221aeff6f
1791377200	195	04dbe32c2062240a4ba0bcad01d7edd98c78b51c77765d5e1e5e9fa3743d2f12a1f82f42cd7dc4f41445979117d790f23e9b3d08d0aa06d527c236172043e747fc	1	3	f44e59b33ceb0e16ab54cb4760306568d940ca410e8c8dd42ecb001d52984538
1791377200	195	04d8b6c325ae12e89823866b2a292a62d7acee520954761890a1621fef79dca1c8e8df79dd8519480e5c015ae6cf3ba7de8669e260561616a36eb9c308b5983ab0	1	3	a88d478bdcb3b0b9279fc6f55275ae18610c3f3b8cf4d2b75ac1534eb680bce5
1791377201	196	04dbe32c2062240a4ba0bcad01d7edd98c78b51c77765d5e1e5e9fa3743d2f12a1f82f42cd7dc4f41445979117d790f23e9b3d08d0aa06d527c236172043e747fc	1	3	bde1884da99ac6fbbe5567efa4ad297b5112580ba726996701b9eeebe09deddf
1791377201	196	04d8b6c325ae12e89823866b2a292a62d7acee520954761890a1621fef79dca1c8e8df79dd8519480e5c015ae6cf3ba7de8669e260561616a36eb9c308b5983ab0	1	3	6e892db89762851f12e16122ca2ba572c7874fd0bdec4c0cabd257d4931e5574
1791377201	196	04f700a417754b775d95421973bdbdadb2d23c8a5af46f1829b1431f5c136e549e8a0d61aa0c793f1a614f8e437711c7758473c6ceb0859ac7e9e07911ca66b5c4	1	3	3a00cadafe3d8ef4662e6acddab6bb2ecd61e81b5be449895927438cf767182d
1791377202	197	04f700a417754b775d95421973bdbdadb2d23c8a5af46f1829b1431f5c136e549e8a0d61aa0c793f1a614f8e437711c7758473c6ceb0859ac7e9e07911ca66b5c4	1	3	82f7d6d92ba1e9b4503ba36b02c0c956e30fa094018d26438ccb62833422a322
1791377202	197	04d8b6c325ae12e89823866b2a292a62d7acee520954761890a1621fef79dca1c8e8df79dd8519480e5c015ae6cf3ba7de8669e260561616a36eb9c308b5983ab0	1	3	750ada1d65523aaf1610ded6f576ac9fb8727edc94f559ca14c625cf3bbf68c6
1791377202	197	04dbe32c2062240a4ba0bcad01d7edd98c78b51c77765d5e1e5e9fa3743d2f12a1f82f42cd7dc4f41445979117d790f23e9b3d08d0aa06d527c236172043e747fc	1	3	00e846a03c8ea8b27dbfacaf5d257f6ff5576a3af694e165fed97be921b7f8f0
1791377202	198	04f700a417754b775d95421973bdbdadb2d23c8a5af46f1829b1431f5c136e549e8a0d61aa0c793f1a614f8e437711c7758473c6ceb0859ac7e9e07911ca66b5c4	1	3	53fb8c28c014efafb6eccbb8445aea68b1d98170630af7f9b10cea6ac0fa5c3e
1791377202	198	04d8b6c325ae12e89823866b2a292a62d7acee520954761890a1621fef79dca1c8e8df79dd8519480e5c015ae6cf3ba7de8669e260561616a36eb9c308b5983ab0	1	3	5d0d25c118a5cc9f5e450b96e412cb30ac55b90ab932ebea3a3c703ee2c0e209
1791377203	198	04dbe32c2062240a4ba0bcad01d7edd98c78b51c77765d5e1e5e9fa3743d2f12a1f82f42cd7dc4f41445979117d790f23e9b3d08d0aa06d527c236172043e747fc	1	3	49bfcb71dab0ecbf48768fad9d0b2309e01cda7a8add95064fd22884ccd91e32
1791377203	199	04f700a417754b775d95421973bdbdadb2d23c8a5af46f1829b1431f5c136e549e8a0d61aa0c793f1a614f8e437711c7758473c6ceb0859ac7e9e07911ca66b5c4	1	3	8c7171ed9c0321a5617d988463d4cbc953a54190a504557253308433380705d7
1791377203	199	04dbe32c2062240a4ba0bcad01d7edd98c78b51c77765d5e1e5e9fa3743d2f12a1f82f42cd7dc4f41445979117d790f23e9b3d08d0aa06d527c236172043e747fc	1	3	73458d256baea71fbf2eee60187a1718e7af9d0eacfcc303472241ccd6d6e45e
1791377203	199	04d8b6c325ae12e89823866b2a292a62d7acee520954761890a1621fef79dca1c8e8df79dd8519480e5c015ae6cf3ba7de8669e260561616a36eb9c308b5983ab0	1	3	d1b0b6593bef4062c4a08bde2e0fce2ff8b706b42a67736dbeca0c1a7dc0cac4
1791377204	200	04f700a417754b775d95421973bdbdadb2d23c8a5af46f1829b1431f5c136e549e8a0d61aa0c793f1a614f8e437711c7758473c6ceb0859ac7e9e07911ca66b5c4	1	3	86731ff8ef4f3d5be83dcf66bfc01d8f26fe8fae2bb7fdc28a52845c28db1ed8
1791377204	200	04dbe32c2062240a4ba0bcad01d7edd98c78b51c77765d5e1e5e9fa3743d2f12a1f82f42cd7dc4f41445979117d790f23e9b3d08d0aa06d527c236172043e747fc	1	3	477f6a86829be105a49df70dfa600673705ebd8d608a871481b9c59d776644bd
1791377204	200	04d8b6c325ae12e89823866b2a292a62d7acee520954761890a1621fef79dca1c8e8df79dd8519480e5c015ae6cf3ba7de8669e260561616a36eb9c308b5983ab0	1	3	4167fe4da76a9d954b08d4dedc81d22a9a3ab5b1f4a643465150a681682c20e5
1791377206	201	04f700a417754b775d95421973bdbdadb2d23c8a5af46f1829b1431f5c136e549e8a0d61aa0c793f1a614f8e437711c7758473c6ceb0859ac7e9e07911ca66b5c4	1	3	ad7970a6f41cfcb913e8308a45e8b4a1b6098419d161ec0ce0afe86280822371
1791377206	201	04d8b6c325ae12e89823866b2a292a62d7acee520954761890a1621fef79dca1c8e8df79dd8519480e5c015ae6cf3ba7de8669e260561616a36eb9c308b5983ab0	1	3	7e6b692ccac1e507f22bec7ab14577a7f2fb51ed8f05d11f27b44ea978fcae8a
1791377206	201	04dbe32c2062240a4ba0bcad01d7edd98c78b51c77765d5e1e5e9fa3743d2f12a1f82f42cd7dc4f41445979117d790f23e9b3d08d0aa06d527c236172043e747fc	1	3	408ac53b07ea86f5dae5243b04a51f2bc3b82e5a55dce9f2d977c783ab88034f
1791377206	202	04f700a417754b775d95421973bdbdadb2d23c8a5af46f1829b1431f5c136e549e8a0d61aa0c793f1a614f8e437711c7758473c6ceb0859ac7e9e07911ca66b5c4	1	3	d6037afde15a90e2abf9a6c05b90d47d136f9f851075191ffd0a01ba0a595828
1791377206	202	04dbe32c2062240a4ba0bcad01d7edd98c78b51c77765d5e1e5e9fa3743d2f12a1f82f42cd7dc4f41445979117d790f23e9b3d08d0aa06d527c236172043e747fc	1	3	72e9c00fe536a830323aa430ab424793a5dc16a96bce2e60b933306c030bd278
1791377206	202	04d8b6c325ae12e89823866b2a292a62d7acee520954761890a1621fef79dca1c8e8df79dd8519480e5c015ae6cf3ba7de8669e260561616a36eb9c308b5983ab0	1	3	7b233324f02a82c8ea4c18c2eb443343c8166fef6a60ecf8752ffb8c55f1ab15
1791377207	203	04f700a417754b775d95421973bdbdadb2d23c8a5af46f1829b1431f5c136e549e8a0d61aa0c793f1a614f8e437711c7758473c6ceb0859ac7e9e07911ca66b5c4	1	3	7a7ec4ad044442dd35fea335c8d572a4b3f519ba3b01a081d9acef09a1d822a7
1791377207	203	04d8b6c325ae12e89823866b2a292a62d7acee520954761890a1621fef79dca1c8e8df79dd8519480e5c015ae6cf3ba7de8669e260561616a36eb9c308b5983ab0	1	3	742cbdf4b92acaf4fb56ccf990d7d7916649629d4463ff0a41f80c43af39dac0
1791377207	203	04dbe32c2062240a4ba0bcad01d7edd98c78b51c77765d5e1e5e9fa3743d2f12a1f82f42cd7dc4f41445979117d790f23e9b3d08d0aa06d527c236172043e747fc	1	3	72c2f2efe59bc09061f5bb797b4fcf192dd9afd0892024efc4e55bdf9b8b2862
1791377207	204	04d8b6c325ae12e89823866b2a292a62d7acee520954761890a1621fef79dca1c8e8df79dd8519480e5c015ae6cf3ba7de8669e260561616a36eb9c308b5983ab0	1	3	88c88122c40901de14039d2e61cb566d51128ebd11f875e6f360a49566be693f
1791377208	204	04dbe32c2062240a4ba0bcad01d7edd98c78b51c77765d5e1e5e9fa3743d2f12a1f82f42cd7dc4f41445979117d790f23e9b3d08d0aa06d527c236172043e747fc	1	3	e05f70107d7de2e25edf1172fa238d178a5c9d78343fc73b69317db5c06b31d1
1791377208	204	04f700a417754b775d95421973bdbdadb2d23c8a5af46f1829b1431f5c136e549e8a0d61aa0c793f1a614f8e437711c7758473c6ceb0859ac7e9e07911ca66b5c4	1	3	2dca7124637ff6228db06b32a3d678aef68ff736f25b901e521bc63f423ca9e1
1791377208	205	04f700a417754b775d95421973bdbdadb2d23c8a5af46f1829b1431f5c136e549e8a0d61aa0c793f1a614f8e437711c7758473c6ceb0859ac7e9e07911ca66b5c4	1	3	1605a5043d86315e28ede798f422e81f040c1e360266154e5918291534b5177e
1791377208	205	04dbe32c2062240a4ba0bcad01d7edd98c78b51c77765d5e1e5e9fa3743d2f12a1f82f42cd7dc4f41445979117d790f23e9b3d08d0aa06d527c236172043e747fc	1	3	7293db7d1b1047ac7ec81ee8e089f05589d71c87a91fd349b91b19aa01503df0
1791377208	205	04d8b6c325ae12e89823866b2a292a62d7acee520954761890a1621fef79dca1c8e8df79dd8519480e5c015ae6cf3ba7de8669e260561616a36eb9c308b5983ab0	1	3	8655013b95431964d9e9cf94df95916e42aae523cce10045db72497955ebab64
1791377209	206	04d8b6c325ae12e89823866b2a292a62d7acee520954761890a1621fef79dca1c8e8df79dd8519480e5c015ae6cf3ba7de8669e260561616a36eb9c308b5983ab0	1	3	b514cc186149d4c5a0a41ba0e40987c8b9eaa505130a5dede370d139f30e44d7
1791377209	206	04f700a417754b775d95421973bdbdadb2d23c8a5af46f1829b1431f5c136e549e8a0d61aa0c793f1a614f8e437711c7758473c6ceb0859ac7e9e07911ca66b5c4	1	3	5fecbc8caa711b433b54d42a671f1798485d8bffbf1de15277c49c74b5d23b2d
1791377209	206	04dbe32c2062240a4ba0bcad01d7edd98c78b51c77765d5e1e5e9fa3743d2f12a1f82f42cd7dc4f41445979117d790f23e9b3d08d0aa06d527c236172043e747fc	1	3	1c0351cd22967e8f4522a7d8a48dc1eefec3099be4fe6cba53781b78e0c4fafd
1791377210	207	04d8b6c325ae12e89823866b2a292a62d7acee520954761890a1621fef79dca1c8e8df79dd8519480e5c015ae6cf3ba7de8669e260561616a36eb9c308b5983ab0	1	3	b7245f78a0dd883c807cd74066bb1e18c64ed8351048f20240f3f129a98d8c14
1791377210	207	04f700a417754b775d95421973bdbdadb2d23c8a5af46f1829b1431f5c136e549e8a0d61aa0c793f1a614f8e437711c7758473c6ceb0859ac7e9e07911ca66b5c4	1	3	91b961bea6726946d89a85f016150441915dc851a45b0978337f8d3e2b649cb8
1791377210	207	04dbe32c2062240a4ba0bcad01d7edd98c78b51c77765d5e1e5e9fa3743d2f12a1f82f42cd7dc4f41445979117d790f23e9b3d08d0aa06d527c236172043e747fc	1	3	23a3e3c44f1a23d39981ea34ad8de1ca5ad184c62c117a5b5f0999b96a45c1f1
1791377210	208	04f700a417754b775d95421973bdbdadb2d23c8a5af46f1829b1431f5c136e549e8a0d61aa0c793f1a614f8e437711c7758473c6ceb0859ac7e9e07911ca66b5c4	1	3	de5997d7d39897253349ee6cb2069b3c635c4737598bf886df3c903dbaf857ad
1791377210	208	04d8b6c325ae12e89823866b2a292a62d7acee520954761890a1621fef79dca1c8e8df79dd8519480e5c015ae6cf3ba7de8669e260561616a36eb9c308b5983ab0	1	3	2033c700a3c1a01c93fbd8b6c6a709cd496d54387ecda75265c62d9bebf9e354
1791377212	208	04dbe32c2062240a4ba0bcad01d7edd98c78b51c77765d5e1e5e9fa3743d2f12a1f82f42cd7dc4f41445979117d790f23e9b3d08d0aa06d527c236172043e747fc	1	3	681dd8ab7a5380015cc4d05296e67d0769e21272bf90cc157fcb673b48dbc44a
1791377212	209	04f700a417754b775d95421973bdbdadb2d23c8a5af46f1829b1431f5c136e549e8a0d61aa0c793f1a614f8e437711c7758473c6ceb0859ac7e9e07911ca66b5c4	1	3	ec0fe1b039d83c59702c903d78697d1d9f0340d746058ee1855d4c73a079d418
1791377212	209	04dbe32c2062240a4ba0bcad01d7edd98c78b51c77765d5e1e5e9fa3743d2f12a1f82f42cd7dc4f41445979117d790f23e9b3d08d0aa06d527c236172043e747fc	1	3	11e549fe6fd3197b51eb09205753000afcb86f3bfc95e628827f20019b073acf
1791377212	209	04d8b6c325ae12e89823866b2a292a62d7acee520954761890a1621fef79dca1c8e8df79dd8519480e5c015ae6cf3ba7de8669e260561616a36eb9c308b5983ab0	1	3	3c8d02490751aacdbf9c8a4143dd71da0eac219d56c420b9e3af51605f7a4fa8
1791377213	210	04d8b6c325ae12e89823866b2a292a62d7acee520954761890a1621fef79dca1c8e8df79dd8519480e5c015ae6cf3ba7de8669e260561616a36eb9c308b5983ab0	1	3	c7f67b6b41df0a1a4d530bff1628eec87c400e0742f38c2d29cd69e21eb473cb
1791377213	210	04f700a417754b775d95421973bdbdadb2d23c8a5af46f1829b1431f5c136e549e8a0d61aa0c793f1a614f8e437711c7758473c6ceb0859ac7e9e07911ca66b5c4	1	3	69770aa85c0b253e635711063fc2e61236e0da175a21c3e43286cb72a4365fcf
1791377213	210	04dbe32c2062240a4ba0bcad01d7edd98c78b51c77765d5e1e5e9fa3743d2f12a1f82f42cd7dc4f41445979117d790f23e9b3d08d0aa06d527c236172043e747fc	1	3	067c47c40a4720e7c29deb8764c5d951e364ced08761bf61ca7e184a7cd3bdcd
1791377214	211	04f700a417754b775d95421973bdbdadb2d23c8a5af46f1829b1431f5c136e549e8a0d61aa0c793f1a614f8e437711c7758473c6ceb0859ac7e9e07911ca66b5c4	1	3	ec7015f3a47f79b18c15ab9dcc60176674a18d4632cd667782b3075e2bbebc92
1791377214	211	04d8b6c325ae12e89823866b2a292a62d7acee520954761890a1621fef79dca1c8e8df79dd8519480e5c015ae6cf3ba7de8669e260561616a36eb9c308b5983ab0	1	3	97ce9c34560eb0d1e84acf690a2f38bc3b1d1e3570e4b22062fa26f1a8c6e124
1791377214	211	04dbe32c2062240a4ba0bcad01d7edd98c78b51c77765d5e1e5e9fa3743d2f12a1f82f42cd7dc4f41445979117d790f23e9b3d08d0aa06d527c236172043e747fc	1	3	4fd3d7d4423e37b42c55ce11697cbca2ce8aefdd4260e445e1be1d2874d5aac9
1791377214	212	04f700a417754b775d95421973bdbdadb2d23c8a5af46f1829b1431f5c136e549e8a0d61aa0c793f1a614f8e437711c7758473c6ceb0859ac7e9e07911ca66b5c4	1	3	617a987685e1641398db06eae1d3cfcb4d9d9371e01d37b7cdfda15cf6319ef5
1791377214	212	04d8b6c325ae12e89823866b2a292a62d7acee520954761890a1621fef79dca1c8e8df79dd8519480e5c015ae6cf3ba7de8669e260561616a36eb9c308b5983ab0	1	3	83b531e24c03126ab8720f3dd428b5c0e57f412ed91f90a7dbd75c021978155d
1791377215	212	04dbe32c2062240a4ba0bcad01d7edd98c78b51c77765d5e1e5e9fa3743d2f12a1f82f42cd7dc4f41445979117d790f23e9b3d08d0aa06d527c236172043e747fc	1	3	77e050654cc04549659a24ba34ecb21331fde2a76ca18fbf8cb7c30efc5f1dad
1791377215	213	04f700a417754b775d95421973bdbdadb2d23c8a5af46f1829b1431f5c136e549e8a0d61aa0c793f1a614f8e437711c7758473c6ceb0859ac7e9e07911ca66b5c4	1	3	d1b3ce20fdc414b7b67e3ad0d081a3fc8473a50fdec0af7ee018931bfd2e4224
1791377215	213	04dbe32c2062240a4ba0bcad01d7edd98c78b51c77765d5e1e5e9fa3743d2f12a1f82f42cd7dc4f41445979117d790f23e9b3d08d0aa06d527c236172043e747fc	1	3	7a39b5a989131c282d886432e1d3e256a3ce3d3f726e7b294a617a275b2d32ff
1791377215	213	04d8b6c325ae12e89823866b2a292a62d7acee520954761890a1621fef79dca1c8e8df79dd8519480e5c015ae6cf3ba7de8669e260561616a36eb9c308b5983ab0	1	3	d6f2a14ff7876d3d2996f490c66bb92a2300e1d927caa03a73ae43de60ecabdd
1791377217	214	04dbe32c2062240a4ba0bcad01d7edd98c78b51c77765d5e1e5e9fa3743d2f12a1f82f42cd7dc4f41445979117d790f23e9b3d08d0aa06d527c236172043e747fc	1	3	d9c5d4a8b8e143310d29b69266fd69a7314cb5abe7bee83cde5384c70f3bf1c4
1791377217	214	04d8b6c325ae12e89823866b2a292a62d7acee520954761890a1621fef79dca1c8e8df79dd8519480e5c015ae6cf3ba7de8669e260561616a36eb9c308b5983ab0	1	3	8bf70ca3cdac5aad6f37ab8c9692c91cdca0fd11f7497af9689a2782ea04ffea
1791377217	214	04f700a417754b775d95421973bdbdadb2d23c8a5af46f1829b1431f5c136e549e8a0d61aa0c793f1a614f8e437711c7758473c6ceb0859ac7e9e07911ca66b5c4	1	3	6fc703ad82dd1060583d58eece29c32cdb1ee080c4745c46dfaec75d37e7c62e
1791377217	215	04f700a417754b775d95421973bdbdadb2d23c8a5af46f1829b1431f5c136e549e8a0d61aa0c793f1a614f8e437711c7758473c6ceb0859ac7e9e07911ca66b5c4	1	3	62417783b19368070c6500b8a770c9b9d816ad9c7903375b75f7b152b1f2e1bd
1791377218	215	04dbe32c2062240a4ba0bcad01d7edd98c78b51c77765d5e1e5e9fa3743d2f12a1f82f42cd7dc4f41445979117d790f23e9b3d08d0aa06d527c236172043e747fc	1	3	ec0670c60e4ff9a5c84a98f84d0e0e94a3ad17a0eed83105d860614fb1545d51
1791377218	215	04d8b6c325ae12e89823866b2a292a62d7acee520954761890a1621fef79dca1c8e8df79dd8519480e5c015ae6cf3ba7de8669e260561616a36eb9c308b5983ab0	1	3	193e5413938b2326bcdda5d55e73d9d0cb59a0f9b446e17ec8fe332f9914c794
1791377218	216	04f700a417754b775d95421973bdbdadb2d23c8a5af46f1829b1431f5c136e549e8a0d61aa0c793f1a614f8e437711c7758473c6ceb0859ac7e9e07911ca66b5c4	1	3	8767b9a5e75d794ce5cc6777996502bdcea0b2ae9b358f4ae2b039b8a3c1df5c
1791377218	216	04dbe32c2062240a4ba0bcad01d7edd98c78b51c77765d5e1e5e9fa3743d2f12a1f82f42cd7dc4f41445979117d790f23e9b3d08d0aa06d527c236172043e747fc	1	3	8939ce5dda878cf5cb53509c3edc011e117ec66bf804f750c211b43139b81fe5
1791377218	216	04d8b6c325ae12e89823866b2a292a62d7acee520954761890a1621fef79dca1c8e8df79dd8519480e5c015ae6cf3ba7de8669e260561616a36eb9c308b5983ab0	1	3	253664bf79a0556066387cc0d14425c9b8fe3d47458dfea3099ebab9e75a3e3d
1791377219	217	04dbe32c2062240a4ba0bcad01d7edd98c78b51c77765d5e1e5e9fa3743d2f12a1f82f42cd7dc4f41445979117d790f23e9b3d08d0aa06d527c236172043e747fc	1	3	c43ec0fb3e31c1c47f67bfc6f3699e3ae60ce9d0ee4c73c2fc004732b66e7076
1791377219	217	04f700a417754b775d95421973bdbdadb2d23c8a5af46f1829b1431f5c136e549e8a0d61aa0c793f1a614f8e437711c7758473c6ceb0859ac7e9e07911ca66b5c4	1	3	afbf363ab4dc98d19fd832af22e448eeb00dd7ae7b90c5192998170c450851ec
1791377219	217	04d8b6c325ae12e89823866b2a292a62d7acee520954761890a1621fef79dca1c8e8df79dd8519480e5c015ae6cf3ba7de8669e260561616a36eb9c308b5983ab0	1	3	65da91538011e25ed98dd67dfddf3f782c08a2edf682a368cad72079e036034d
1791377219	218	04d8b6c325ae12e89823866b2a292a62d7acee520954761890a1621fef79dca1c8e8df79dd8519480e5c015ae6cf3ba7de8669e260561616a36eb9c308b5983ab0	1	3	fe0c604ce12b6930d562e59c027fb31578763f879d15fe9bbd1c291613eb5e4f
1791377220	218	04f700a417754b775d95421973bdbdadb2d23c8a5af46f1829b1431f5c136e549e8a0d61aa0c793f1a614f8e437711c7758473c6ceb0859ac7e9e07911ca66b5c4	1	3	92536ff9a9eb583ab4d6f6390ecc3a9a63f57e3692ce01ae86f9eb271ce0f2e0
1791377220	218	04dbe32c2062240a4ba0bcad01d7edd98c78b51c77765d5e1e5e9fa3743d2f12a1f82f42cd7dc4f41445979117d790f23e9b3d08d0aa06d527c236172043e747fc	1	3	dd83ee5ec988ed527a10355839ad3cdecdf4bfc1e6330fb19aa321bca99b7dd7
1791377222	219	04d8b6c325ae12e89823866b2a292a62d7acee520954761890a1621fef79dca1c8e8df79dd8519480e5c015ae6cf3ba7de8669e260561616a36eb9c308b5983ab0	1	3	fc0f372c4db9b30d5d3b635c8b17a8ae750e1efbef9603229e78816d9ca1c6f1
1791377222	219	04dbe32c2062240a4ba0bcad01d7edd98c78b51c77765d5e1e5e9fa3743d2f12a1f82f42cd7dc4f41445979117d790f23e9b3d08d0aa06d527c236172043e747fc	1	3	72bdf65b6bc3a9ba1e9829292435b546549bad05ba8f8f18350d13a59c68f6d6
1791377222	219	04f700a417754b775d95421973bdbdadb2d23c8a5af46f1829b1431f5c136e549e8a0d61aa0c793f1a614f8e437711c7758473c6ceb0859ac7e9e07911ca66b5c4	1	3	0cf7d2cd99a7dd854a2e1d5ac128d78bdf89b59c9fde258346451b7e6bf64619
1791377222	220	04d8b6c325ae12e89823866b2a292a62d7acee520954761890a1621fef79dca1c8e8df79dd8519480e5c015ae6cf3ba7de8669e260561616a36eb9c308b5983ab0	1	3	c6c3fdd0f6512efb7e771610eeebbea706104e52c4d5be04d5fd0529aa12fb45
1791377223	220	04f700a417754b775d95421973bdbdadb2d23c8a5af46f1829b1431f5c136e549e8a0d61aa0c793f1a614f8e437711c7758473c6ceb0859ac7e9e07911ca66b5c4	1	3	a82c755871d05a06930c34f7a976284454f6b60a395b98fcf8f13c55fa9d2050
1791377223	220	04dbe32c2062240a4ba0bcad01d7edd98c78b51c77765d5e1e5e9fa3743d2f12a1f82f42cd7dc4f41445979117d790f23e9b3d08d0aa06d527c236172043e747fc	1	3	34b2012b277c61b44d3c2aad7b355b912ef7987411eac57ac6af1e5065c1ab32
1791377223	221	04f700a417754b775d95421973bdbdadb2d23c8a5af46f1829b1431f5c136e549e8a0d61aa0c793f1a614f8e437711c7758473c6ceb0859ac7e9e07911ca66b5c4	1	3	2773cb7a3699806c21aae63f5bdba83e90a392adbb4ca948f982def6d69c029f
1791377223	221	04dbe32c2062240a4ba0bcad01d7edd98c78b51c77765d5e1e5e9fa3743d2f12a1f82f42cd7dc4f41445979117d790f23e9b3d08d0aa06d527c236172043e747fc	1	3	9b430a48d674b9ed5dcb3ccd7f53894a1e0a8d0ba5a67af7d1075166f47af75a
1791377223	221	04d8b6c325ae12e89823866b2a292a62d7acee520954761890a1621fef79dca1c8e8df79dd8519480e5c015ae6cf3ba7de8669e260561616a36eb9c308b5983ab0	1	3	f575e0dee1c751393db1483a4dd3f5f3de312df878acc53416324b245af8a617
1791377224	222	04f700a417754b775d95421973bdbdadb2d23c8a5af46f1829b1431f5c136e549e8a0d61aa0c793f1a614f8e437711c7758473c6ceb0859ac7e9e07911ca66b5c4	1	3	676645f9351e2b51af7543be84e1a3505c41ab6bc873da40455e666cdff757c6
1791377224	222	04d8b6c325ae12e89823866b2a292a62d7acee520954761890a1621fef79dca1c8e8df79dd8519480e5c015ae6cf3ba7de8669e260561616a36eb9c308b5983ab0	1	3	3f1ca8771af075b4f5aa54f16ffad7c45db444bf110050d29230f8b380649508
1791377224	222	04dbe32c2062240a4ba0bcad01d7edd98c78b51c77765d5e1e5e9fa3743d2f12a1f82f42cd7dc4f41445979117d790f23e9b3d08d0aa06d527c236172043e747fc	1	3	6385cdc63633082dd2f5abb59e6a97614652f76fdf2b1da48652bf3d8bd63368
1791377225	223	04f700a417754b775d95421973bdbdadb2d23c8a5af46f1829b1431f5c136e549e8a0d61aa0c793f1a614f8e437711c7758473c6ceb0859ac7e9e07911ca66b5c4	1	3	f7f764b715c17dba8106f7f3223aea77c582376b36db16fef5fa14622fc02a5e
1791377225	223	04d8b6c325ae12e89823866b2a292a62d7acee520954761890a1621fef79dca1c8e8df79dd8519480e5c015ae6cf3ba7de8669e260561616a36eb9c308b5983ab0	1	3	410b57c5c2ccbf862a805105426840231f72359ea22156b969c66beb89e56fa1
1791377225	223	04dbe32c2062240a4ba0bcad01d7edd98c78b51c77765d5e1e5e9fa3743d2f12a1f82f42cd7dc4f41445979117d790f23e9b3d08d0aa06d527c236172043e747fc	1	3	317ec53ab17daa18fdb8550f30655f99c920e88477763be6f6333d3d40e20209
1791377225	224	04f700a417754b775d95421973bdbdadb2d23c8a5af46f1829b1431f5c136e549e8a0d61aa0c793f1a614f8e437711c7758473c6ceb0859ac7e9e07911ca66b5c4	1	3	a59e22fa6976445e2c2699db13f2ba711c94321de5292839a8966fa81a0734b3
1791377225	224	04d8b6c325ae12e89823866b2a292a62d7acee520954761890a1621fef79dca1c8e8df79dd8519480e5c015ae6cf3ba7de8669e260561616a36eb9c308b5983ab0	1	3	ccb95a25dfa3c9837801c9825fde442abef9ae3a206024532d39ef529dfe11ef
1791377226	224	04dbe32c2062240a4ba0bcad01d7edd98c78b51c77765d5e1e5e9fa3743d2f12a1f82f42cd7dc4f41445979117d790f23e9b3d08d0aa06d527c236172043e747fc	1	3	a645bad4a52cf828810cb8ef5a2c1d7187250be468c1f230490db87b776f27a5
1791377226	225	04f700a417754b775d95421973bdbdadb2d23c8a5af46f1829b1431f5c136e549e8a0d61aa0c793f1a614f8e437711c7758473c6ceb0859ac7e9e07911ca66b5c4	1	3	bfdd16018d69fe04de180aed90d4ae8337f89b754c2aad50ecdc4c673b11a473
1791377226	225	04dbe32c2062240a4ba0bcad01d7edd98c78b51c77765d5e1e5e9fa3743d2f12a1f82f42cd7dc4f41445979117d790f23e9b3d08d0aa06d527c236172043e747fc	1	3	8b1c09c4ceab6d5c6793bd18c53a8b583488b91813f970693cc51830e620708b
1791377226	225	04d8b6c325ae12e89823866b2a292a62d7acee520954761890a1621fef79dca1c8e8df79dd8519480e5c015ae6cf3ba7de8669e260561616a36eb9c308b5983ab0	1	3	156d9a5afa56ace3d24e44fb5d23f2334400affdfac04977ad6c9ba8621426da
1791377228	226	04dbe32c2062240a4ba0bcad01d7edd98c78b51c77765d5e1e5e9fa3743d2f12a1f82f42cd7dc4f41445979117d790f23e9b3d08d0aa06d527c236172043e747fc	1	3	6772ae13de671876d97c66442e051d8ebeb4f8d13355594c1850fdc24b583072
1791377228	226	04d8b6c325ae12e89823866b2a292a62d7acee520954761890a1621fef79dca1c8e8df79dd8519480e5c015ae6cf3ba7de8669e260561616a36eb9c308b5983ab0	1	3	1e6cd4a0409d8426b90c94d3551b58891749c8c32b18b8b5432eaf3390236d12
1791377228	226	04f700a417754b775d95421973bdbdadb2d23c8a5af46f1829b1431f5c136e549e8a0d61aa0c793f1a614f8e437711c7758473c6ceb0859ac7e9e07911ca66b5c4	1	3	0728f080e825b2ece060ee6f3330082c46da1444014f226a5a6e5ff284a32e0f
1791377229	227	04dbe32c2062240a4ba0bcad01d7edd98c78b51c77765d5e1e5e9fa3743d2f12a1f82f42cd7dc4f41445979117d790f23e9b3d08d0aa06d527c236172043e747fc	1	3	dda9db9257710268e3b009b2cbb672ae12b34ed1cbad2db15fcf4835fe835085
1791377229	227	04d8b6c325ae12e89823866b2a292a62d7acee520954761890a1621fef79dca1c8e8df79dd8519480e5c015ae6cf3ba7de8669e260561616a36eb9c308b5983ab0	1	3	ac8d0230b5f04d65311bb09fc744d981fa78cb9669894d7f9d652d53bc253dcd
1791377229	227	04f700a417754b775d95421973bdbdadb2d23c8a5af46f1829b1431f5c136e549e8a0d61aa0c793f1a614f8e437711c7758473c6ceb0859ac7e9e07911ca66b5c4	1	3	8464d27a76a39ceae79645c843390b41e68f4ce5cdc1cfae447683ca0f633062
1791377230	228	04f700a417754b775d95421973bdbdadb2d23c8a5af46f1829b1431f5c136e549e8a0d61aa0c793f1a614f8e437711c7758473c6ceb0859ac7e9e07911ca66b5c4	1	3	44e67ff65e98cff9738551d73f8c8bee311ff16cacd3368d31becbb929e7e560
1791377230	228	04d8b6c325ae12e89823866b2a292a62d7acee520954761890a1621fef79dca1c8e8df79dd8519480e5c015ae6cf3ba7de8669e260561616a36eb9c308b5983ab0	1	3	9b832fa5ee703eecbf646640dd4293bd078441f9a4ce8ff58b647a208984a06b
1791377231	228	04dbe32c2062240a4ba0bcad01d7edd98c78b51c77765d5e1e5e9fa3743d2f12a1f82f42cd7dc4f41445979117d790f23e9b3d08d0aa06d527c236172043e747fc	1	3	8ea4eabfd21c25ba0a997ae422c1e10f0d26b17d06db8cc4b93a721e0181922f
1791377231	229	04dbe32c2062240a4ba0bcad01d7edd98c78b51c77765d5e1e5e9fa3743d2f12a1f82f42cd7dc4f41445979117d790f23e9b3d08d0aa06d527c236172043e747fc	1	3	b9e7bc1f1ce3ca596871604b3c642d28b3627e582cd56324930902a5db510ccd
1791377231	229	04f700a417754b775d95421973bdbdadb2d23c8a5af46f1829b1431f5c136e549e8a0d61aa0c793f1a614f8e437711c7758473c6ceb0859ac7e9e07911ca66b5c4	1	3	7afbc4425b45152bfc3078f852c7958f84f73bba461531be63017e1b722506cd
1791377231	229	04d8b6c325ae12e89823866b2a292a62d7acee520954761890a1621fef79dca1c8e8df79dd8519480e5c015ae6cf3ba7de8669e260561616a36eb9c308b5983ab0	1	3	d2bfeee6cbfaaec76ee49dfb0c0b73f99a99818691bf03e0a53dd7158f02c7a8
1791377233	230	04d8b6c325ae12e89823866b2a292a62d7acee520954761890a1621fef79dca1c8e8df79dd8519480e5c015ae6cf3ba7de8669e260561616a36eb9c308b5983ab0	1	3	f976a815b475d65c5a17a7a0377ee46654eee31c3e3ec7260ba689c470479d65
1791377233	230	04f700a417754b775d95421973bdbdadb2d23c8a5af46f1829b1431f5c136e549e8a0d61aa0c793f1a614f8e437711c7758473c6ceb0859ac7e9e07911ca66b5c4	1	3	c6635e74447ec9f3080ea225311ed9f6787a108726f0a49f54c7ed4600ebc231
1791377233	230	04dbe32c2062240a4ba0bcad01d7edd98c78b51c77765d5e1e5e9fa3743d2f12a1f82f42cd7dc4f41445979117d790f23e9b3d08d0aa06d527c236172043e747fc	1	3	1fd9a407b67688e95129914cea09fc91fb27f64799dcdf936247c19e07877be4
1791377233	231	04f700a417754b775d95421973bdbdadb2d23c8a5af46f1829b1431f5c136e549e8a0d61aa0c793f1a614f8e437711c7758473c6ceb0859ac7e9e07911ca66b5c4	1	3	5ed52185f7df0238196581570fc5096a4baf62fe88cf86acf4d981998c8e5ded
1791377233	231	04dbe32c2062240a4ba0bcad01d7edd98c78b51c77765d5e1e5e9fa3743d2f12a1f82f42cd7dc4f41445979117d790f23e9b3d08d0aa06d527c236172043e747fc	1	3	b3ab58d55e9c617583fca5d3720e4b19b9482f33a602224e3bfff050548d2354
1791377234	231	04d8b6c325ae12e89823866b2a292a62d7acee520954761890a1621fef79dca1c8e8df79dd8519480e5c015ae6cf3ba7de8669e260561616a36eb9c308b5983ab0	1	3	f0580ab714987dc8ecca4360baa2342964995d9c071c54ef9c688aa364bcc001
1791377234	232	04f700a417754b775d95421973bdbdadb2d23c8a5af46f1829b1431f5c136e549e8a0d61aa0c793f1a614f8e437711c7758473c6ceb0859ac7e9e07911ca66b5c4	1	3	638168789cd6c212ca258ba568621079ce6c3500c9be7f4e22a8c51845271b9d
1791377234	232	04dbe32c2062240a4ba0bcad01d7edd98c78b51c77765d5e1e5e9fa3743d2f12a1f82f42cd7dc4f41445979117d790f23e9b3d08d0aa06d527c236172043e747fc	1	3	a37a5666f55b29cd6c8f85de3030eee21b29d707f5ce2d27a9998e276736d128
1791377234	232	04d8b6c325ae12e89823866b2a292a62d7acee520954761890a1621fef79dca1c8e8df79dd8519480e5c015ae6cf3ba7de8669e260561616a36eb9c308b5983ab0	1	3	db8ad83fcdd9f498e03f40e71481d7e026f1d348f13fc247e7f888aa94ea3ee5
1791377235	233	04f700a417754b775d95421973bdbdadb2d23c8a5af46f1829b1431f5c136e549e8a0d61aa0c793f1a614f8e437711c7758473c6ceb0859ac7e9e07911ca66b5c4	1	3	90dce6e8084ee8fdc498c8801837274bded8a52e7e8acbe1add1763f80070699
1791377235	233	04dbe32c2062240a4ba0bcad01d7edd98c78b51c77765d5e1e5e9fa3743d2f12a1f82f42cd7dc4f41445979117d790f23e9b3d08d0aa06d527c236172043e747fc	1	3	876962147576619b5c0f64d8bfe52cac56b0037444dbefe254ae11bef085300b
1791377235	233	04d8b6c325ae12e89823866b2a292a62d7acee520954761890a1621fef79dca1c8e8df79dd8519480e5c015ae6cf3ba7de8669e260561616a36eb9c308b5983ab0	1	3	2c5ffa35b9bf54976b0d9f2a8633a238ac7940afd2b3d7293ff18ed982ca5445
1791377236	234	04f700a417754b775d95421973bdbdadb2d23c8a5af46f1829b1431f5c136e549e8a0d61aa0c793f1a614f8e437711c7758473c6ceb0859ac7e9e07911ca66b5c4	1	3	b83b12d095bd64497c5d2740607e57612d61c7292eea71f4fac5bb0d20373091
1791377236	234	04d8b6c325ae12e89823866b2a292a62d7acee520954761890a1621fef79dca1c8e8df79dd8519480e5c015ae6cf3ba7de8669e260561616a36eb9c308b5983ab0	1	3	9f68e600575302a798403e29dd5d94fcfcfa95c78f2512dbd64daf066f6dc113
1791377236	234	04dbe32c2062240a4ba0bcad01d7edd98c78b51c77765d5e1e5e9fa3743d2f12a1f82f42cd7dc4f41445979117d790f23e9b3d08d0aa06d527c236172043e747fc	1	3	1419ba5d167d3cdb02ed7b2e2ef6eff174f21db2bb921a546573443a7d707fdc
1791377236	235	04f700a417754b775d95421973bdbdadb2d23c8a5af46f1829b1431f5c136e549e8a0d61aa0c793f1a614f8e437711c7758473c6ceb0859ac7e9e07911ca66b5c4	1	3	daf2fed18f1373d1efda2799e2bab7fda7eea17adc048d73db14942f93f7af69
1791377236	235	04dbe32c2062240a4ba0bcad01d7edd98c78b51c77765d5e1e5e9fa3743d2f12a1f82f42cd7dc4f41445979117d790f23e9b3d08d0aa06d527c236172043e747fc	1	3	519fd5064581ba91f0b0075dbd2e9e3fc93d34b6ce32662cb77114d1e6a5797f
1791377236	235	04d8b6c325ae12e89823866b2a292a62d7acee520954761890a1621fef79dca1c8e8df79dd8519480e5c015ae6cf3ba7de8669e260561616a36eb9c308b5983ab0	1	3	624bd931ccbe96565bde2d7b7e8eb843861096620bbe432fc46b98f8f5bb5403
1791377237	236	04d8b6c325ae12e89823866b2a292a62d7acee520954761890a1621fef79dca1c8e8df79dd8519480e5c015ae6cf3ba7de8669e260561616a36eb9c308b5983ab0	1	3	ab2ddcf8186fee8d80cda41b63c0ad58f42ced2b774365a08b97d8a3138461e9
1791377237	236	04dbe32c2062240a4ba0bcad01d7edd98c78b51c77765d5e1e5e9fa3743d2f12a1f82f42cd7dc4f41445979117d790f23e9b3d08d0aa06d527c236172043e747fc	1	3	3cbc76670ea18d36a86c9ca5448ccccc20b24152b734e99f09fd04f50a2a2247
1791377237	236	04f700a417754b775d95421973bdbdadb2d23c8a5af46f1829b1431f5c136e549e8a0d61aa0c793f1a614f8e437711c7758473c6ceb0859ac7e9e07911ca66b5c4	1	3	3378355d6729f2bcea6782ce29ab83eca114e326f9ee04cdf6dd209f63787365
1791377239	237	04d8b6c325ae12e89823866b2a292a62d7acee520954761890a1621fef79dca1c8e8df79dd8519480e5c015ae6cf3ba7de8669e260561616a36eb9c308b5983ab0	1	3	b06b6914f490b2ccb898cee353b9737088bf2d511ff892b7086eeb0647e1b636
1791377239	237	04dbe32c2062240a4ba0bcad01d7edd98c78b51c77765d5e1e5e9fa3743d2f12a1f82f42cd7dc4f41445979117d790f23e9b3d08d0aa06d527c236172043e747fc	1	3	3d27c3449588b301e16596f0cdb071ba324afecc533685aae2c0fad1f92c2998
1791377239	237	04f700a417754b775d95421973bdbdadb2d23c8a5af46f1829b1431f5c136e549e8a0d61aa0c793f1a614f8e437711c7758473c6ceb0859ac7e9e07911ca66b5c4	1	3	1cbfbc1c3b0ce22e47eccd9df041ce6b4ae5d57a6f1a7988697db1096069bd5b
1791377239	238	04d8b6c325ae12e89823866b2a292a62d7acee520954761890a1621fef79dca1c8e8df79dd8519480e5c015ae6cf3ba7de8669e260561616a36eb9c308b5983ab0	1	3	1300c8891ef845205beec10fa8451e86457f4a1b669dddf28de2753bf1e6105c
1791377240	238	04f700a417754b775d95421973bdbdadb2d23c8a5af46f1829b1431f5c136e549e8a0d61aa0c793f1a614f8e437711c7758473c6ceb0859ac7e9e07911ca66b5c4	1	3	a190e88cbfe8b387180173a41d353a27bdd8277be0d0ff5dd0afec7e1e3db353
1791377240	238	04dbe32c2062240a4ba0bcad01d7edd98c78b51c77765d5e1e5e9fa3743d2f12a1f82f42cd7dc4f41445979117d790f23e9b3d08d0aa06d527c236172043e747fc	1	3	6831f5d53f5f8daef74e5bd4122b9d01b7c23e42827c50be9a10407b65b5164e
1791377240	239	04f700a417754b775d95421973bdbdadb2d23c8a5af46f1829b1431f5c136e549e8a0d61aa0c793f1a614f8e437711c7758473c6ceb0859ac7e9e07911ca66b5c4	1	3	b776fdfe27feec4c479368d98cb5329d26d35d771b33acdface47b3bef6d9d0d
1791377240	239	04dbe32c2062240a4ba0bcad01d7edd98c78b51c77765d5e1e5e9fa3743d2f12a1f82f42cd7dc4f41445979117d790f23e9b3d08d0aa06d527c236172043e747fc	1	3	3a6faad49d0b31f4254e0f716911ac9f3c7cc622521912428308a8beca16a585
1791377240	239	04d8b6c325ae12e89823866b2a292a62d7acee520954761890a1621fef79dca1c8e8df79dd8519480e5c015ae6cf3ba7de8669e260561616a36eb9c308b5983ab0	1	3	05d2397843fc69b793c66edc4e6547ca45d6026432a71a1b7b75329dbeb3fa5f
1791377241	240	04f700a417754b775d95421973bdbdadb2d23c8a5af46f1829b1431f5c136e549e8a0d61aa0c793f1a614f8e437711c7758473c6ceb0859ac7e9e07911ca66b5c4	1	3	f843aa410ac3223e8cf941ff05f4ca89b14e052eb18ff7eeac2ee32ca5d8b5ec
1791377241	240	04d8b6c325ae12e89823866b2a292a62d7acee520954761890a1621fef79dca1c8e8df79dd8519480e5c015ae6cf3ba7de8669e260561616a36eb9c308b5983ab0	1	3	5a9b25f150825a4e5e035757c209cb26f2aa07c88f9819df210e236fc0e8a2d4
1791377241	240	04dbe32c2062240a4ba0bcad01d7edd98c78b51c77765d5e1e5e9fa3743d2f12a1f82f42cd7dc4f41445979117d790f23e9b3d08d0aa06d527c236172043e747fc	1	3	15a399f1f0f75291dc1c068aca16346b49561cf9750b49105fbaaf4a103c1709
1791377241	241	04f700a417754b775d95421973bdbdadb2d23c8a5af46f1829b1431f5c136e549e8a0d61aa0c793f1a614f8e437711c7758473c6ceb0859ac7e9e07911ca66b5c4	1	3	a8a68b330671e916b8dd48e18b659f61ab4cb18cc8edc7c854c13ab2cc1af990
1791377241	241	04dbe32c2062240a4ba0bcad01d7edd98c78b51c77765d5e1e5e9fa3743d2f12a1f82f42cd7dc4f41445979117d790f23e9b3d08d0aa06d527c236172043e747fc	1	3	33609246af4f553a76648ba37121eacfc0453240f52003ecbb1cdd820badd38f
1791377242	241	04d8b6c325ae12e89823866b2a292a62d7acee520954761890a1621fef79dca1c8e8df79dd8519480e5c015ae6cf3ba7de8669e260561616a36eb9c308b5983ab0	1	3	b07b527a0ff11c75b9e43638fed45c97009c635612ce2b12d4d243fdac0a65fc
1791377242	242	04d8b6c325ae12e89823866b2a292a62d7acee520954761890a1621fef79dca1c8e8df79dd8519480e5c015ae6cf3ba7de8669e260561616a36eb9c308b5983ab0	1	3	197a3c563ace146f2a35829878c0ac0925ffc104b0277d481221ab62cc7fed17
1791377244	242	04f700a417754b775d95421973bdbdadb2d23c8a5af46f1829b1431f5c136e549e8a0d61aa0c793f1a614f8e437711c7758473c6ceb0859ac7e9e07911ca66b5c4	1	3	ac4e84c562526532ac3d90487498e2cd97f6d94a4c3b3e585809ab5af85f6f87
1791377244	242	04dbe32c2062240a4ba0bcad01d7edd98c78b51c77765d5e1e5e9fa3743d2f12a1f82f42cd7dc4f41445979117d790f23e9b3d08d0aa06d527c236172043e747fc	1	3	0155d4b23e1100b7a59d761127d128f332d32143c92b2e38a156868d5419fdc4
1791377244	243	04dbe32c2062240a4ba0bcad01d7edd98c78b51c77765d5e1e5e9fa3743d2f12a1f82f42cd7dc4f41445979117d790f23e9b3d08d0aa06d527c236172043e747fc	1	3	b31d30ad2bac48ad6a2056edfab54b579685c0b734b29c868d33818875890113
1791377245	243	04f700a417754b775d95421973bdbdadb2d23c8a5af46f1829b1431f5c136e549e8a0d61aa0c793f1a614f8e437711c7758473c6ceb0859ac7e9e07911ca66b5c4	1	3	878f1a5f73f53c712b64db3fa259613692eff1760787bfc09513be6d7dc46d84
1791377245	243	04d8b6c325ae12e89823866b2a292a62d7acee520954761890a1621fef79dca1c8e8df79dd8519480e5c015ae6cf3ba7de8669e260561616a36eb9c308b5983ab0	1	3	621914e96e1df3fab7ac500196ef20cbf4679bab11d258f1a0454958b790313a
1791377245	244	04d8b6c325ae12e89823866b2a292a62d7acee520954761890a1621fef79dca1c8e8df79dd8519480e5c015ae6cf3ba7de8669e260561616a36eb9c308b5983ab0	1	3	4b5002db7eb27e3184be98d77f9b2bc8efe04dceff36fc183b86f1373ee9c1c7
1791377245	244	04f700a417754b775d95421973bdbdadb2d23c8a5af46f1829b1431f5c136e549e8a0d61aa0c793f1a614f8e437711c7758473c6ceb0859ac7e9e07911ca66b5c4	1	3	3827ec216bbc0b9d9e465b436fe15880222d4fa15737ebb914fe63a600cadc39
1791377246	244	04dbe32c2062240a4ba0bcad01d7edd98c78b51c77765d5e1e5e9fa3743d2f12a1f82f42cd7dc4f41445979117d790f23e9b3d08d0aa06d527c236172043e747fc	1	3	a150ed0f9f985b8c8c95a9ce1530310f08b539df315bd9752f0bf2d79819be58
1791377246	245	04dbe32c2062240a4ba0bcad01d7edd98c78b51c77765d5e1e5e9fa3743d2f12a1f82f42cd7dc4f41445979117d790f23e9b3d08d0aa06d527c236172043e747fc	1	3	de864a2a828f074abd4f74a54399bc79aeba161623501ed7023069d73d3fe9cb
1791377246	245	04d8b6c325ae12e89823866b2a292a62d7acee520954761890a1621fef79dca1c8e8df79dd8519480e5c015ae6cf3ba7de8669e260561616a36eb9c308b5983ab0	1	3	8b3a20363029159693467c72e4493229b551b56cd50dfdd4951244113111d8d7
1791377246	245	04f700a417754b775d95421973bdbdadb2d23c8a5af46f1829b1431f5c136e549e8a0d61aa0c793f1a614f8e437711c7758473c6ceb0859ac7e9e07911ca66b5c4	1	3	05ba0435e0dfd25ca4ade062b3871f3e15ffc3d881eb37151c029743a30a3853
1791377247	246	04f700a417754b775d95421973bdbdadb2d23c8a5af46f1829b1431f5c136e549e8a0d61aa0c793f1a614f8e437711c7758473c6ceb0859ac7e9e07911ca66b5c4	1	3	c430b11b8bb3a24a0927485a709284ac6445f3f25c6197ec65452de200cc6560
1791377247	246	04d8b6c325ae12e89823866b2a292a62d7acee520954761890a1621fef79dca1c8e8df79dd8519480e5c015ae6cf3ba7de8669e260561616a36eb9c308b5983ab0	1	3	5f877112c81ca5328374f2f4fe315bd0f511e3003b98beb1b2aecd3b8d777e12
1791377247	246	04dbe32c2062240a4ba0bcad01d7edd98c78b51c77765d5e1e5e9fa3743d2f12a1f82f42cd7dc4f41445979117d790f23e9b3d08d0aa06d527c236172043e747fc	1	3	065b7c6d40f19c66aade2ed5d97933faa288f632ec9ee392900e40be2ba00862
1791377247	247	04f700a417754b775d95421973bdbdadb2d23c8a5af46f1829b1431f5c136e549e8a0d61aa0c793f1a614f8e437711c7758473c6ceb0859ac7e9e07911ca66b5c4	1	3	b1dd593ba8c5d6f0cf15280a76442ba6bafa7a7ec1320f2a75697e9ae9fe1a94
1791377247	247	04dbe32c2062240a4ba0bcad01d7edd98c78b51c77765d5e1e5e9fa3743d2f12a1f82f42cd7dc4f41445979117d790f23e9b3d08d0aa06d527c236172043e747fc	1	3	071c64b23ea057566eed0c084c7ba14a35bc3073e142995d6ff079758179ac75
1791377248	247	04d8b6c325ae12e89823866b2a292a62d7acee520954761890a1621fef79dca1c8e8df79dd8519480e5c015ae6cf3ba7de8669e260561616a36eb9c308b5983ab0	1	3	fa197d9b88df006e966f3b8372726ca9ec339ac4b3053ec91b218300e6f90b3f
1791377248	248	04d8b6c325ae12e89823866b2a292a62d7acee520954761890a1621fef79dca1c8e8df79dd8519480e5c015ae6cf3ba7de8669e260561616a36eb9c308b5983ab0	1	3	2810089bc126ec88bd277db0dba355f0e1c64c7a8ed5dd3a047a2c871d414b1e
1791377248	248	04f700a417754b775d95421973bdbdadb2d23c8a5af46f1829b1431f5c136e549e8a0d61aa0c793f1a614f8e437711c7758473c6ceb0859ac7e9e07911ca66b5c4	1	3	16bde48a77032a1ad7b4dbd937efdaf4111e3bbe679b8974229314d933ebef71
1791377248	248	04dbe32c2062240a4ba0bcad01d7edd98c78b51c77765d5e1e5e9fa3743d2f12a1f82f42cd7dc4f41445979117d790f23e9b3d08d0aa06d527c236172043e747fc	1	3	c6c21b76b75fc27285e14c34fe76ed1dec41332023e35edc12cf24f52844189b
1791377250	249	04f700a417754b775d95421973bdbdadb2d23c8a5af46f1829b1431f5c136e549e8a0d61aa0c793f1a614f8e437711c7758473c6ceb0859ac7e9e07911ca66b5c4	1	3	e31e033ae32657d3b807ae31b4f84ad82e6c1577d471e1d9374dca971a02c0e9
1791377250	249	04d8b6c325ae12e89823866b2a292a62d7acee520954761890a1621fef79dca1c8e8df79dd8519480e5c015ae6cf3ba7de8669e260561616a36eb9c308b5983ab0	1	3	cc59523bbc74be5c2d46f1cb8ef61cedae4dfcc408479c61d7dbc79a8659d6cc
1791377250	249	04dbe32c2062240a4ba0bcad01d7edd98c78b51c77765d5e1e5e9fa3743d2f12a1f82f42cd7dc4f41445979117d790f23e9b3d08d0aa06d527c236172043e747fc	1	3	13bb17ad091017c079827a7541530fa32937e4926d10a69afabf4fe3aa64321e
1791377251	250	04dbe32c2062240a4ba0bcad01d7edd98c78b51c77765d5e1e5e9fa3743d2f12a1f82f42cd7dc4f41445979117d790f23e9b3d08d0aa06d527c236172043e747fc	1	3	e1e4ddce7021d8a6efac3a9ff23086dab1901e2d11dec47da1ea1c64a64ff579
1791377251	250	04f700a417754b775d95421973bdbdadb2d23c8a5af46f1829b1431f5c136e549e8a0d61aa0c793f1a614f8e437711c7758473c6ceb0859ac7e9e07911ca66b5c4	1	3	c978ef96fdceded9099ea697e86b73e85c1cd3a642051f9c1f4aec18076fc866
1791377251	250	04d8b6c325ae12e89823866b2a292a62d7acee520954761890a1621fef79dca1c8e8df79dd8519480e5c015ae6cf3ba7de8669e260561616a36eb9c308b5983ab0	1	3	012bb456688a26c893ba5d212dcb0e4c38e472cb90c7da988bc4e98b7a40bc0a
1791377251	251	04f700a417754b775d95421973bdbdadb2d23c8a5af46f1829b1431f5c136e549e8a0d61aa0c793f1a614f8e437711c7758473c6ceb0859ac7e9e07911ca66b5c4	1	3	adaa7da53ac32f346dc653534b8d504868e28dd2b486fa498d80db092a1ec778
1791377251	251	04dbe32c2062240a4ba0bcad01d7edd98c78b51c77765d5e1e5e9fa3743d2f12a1f82f42cd7dc4f41445979117d790f23e9b3d08d0aa06d527c236172043e747fc	1	3	163b4d6169a7ad3dc717273f320a6807e64605f302e2be5d38fe3403fbeba080
1791377252	251	04d8b6c325ae12e89823866b2a292a62d7acee520954761890a1621fef79dca1c8e8df79dd8519480e5c015ae6cf3ba7de8669e260561616a36eb9c308b5983ab0	1	3	6f1f52f02397b3d128e72f2a0f41c39da6e51e5aaa368c7d7bc87632bb8acca4
1791377252	252	04d8b6c325ae12e89823866b2a292a62d7acee520954761890a1621fef79dca1c8e8df79dd8519480e5c015ae6cf3ba7de8669e260561616a36eb9c308b5983ab0	1	3	aa0b101397021287d62012924972211dec26e6f3528c987ffe826516060d01ee
1791377252	252	04f700a417754b775d95421973bdbdadb2d23c8a5af46f1829b1431f5c136e549e8a0d61aa0c793f1a614f8e437711c7758473c6ceb0859ac7e9e07911ca66b5c4	1	3	4ae0d9cc2cf451dca317f366c338234ea31f7204f199faeece7fdd714e02de0a
1791377252	252	04dbe32c2062240a4ba0bcad01d7edd98c78b51c77765d5e1e5e9fa3743d2f12a1f82f42cd7dc4f41445979117d790f23e9b3d08d0aa06d527c236172043e747fc	1	3	92d4ddad1cc52114e75678e5c1e902eeb4e95784595fd40d7e3e7ce723ee9dd0
1791377253	253	04d8b6c325ae12e89823866b2a292a62d7acee520954761890a1621fef79dca1c8e8df79dd8519480e5c015ae6cf3ba7de8669e260561616a36eb9c308b5983ab0	1	3	a5088aab473b2d6f7568ce607ef010bc314636f696196892fcc2a39e41380ce8
1791377253	253	04f700a417754b775d95421973bdbdadb2d23c8a5af46f1829b1431f5c136e549e8a0d61aa0c793f1a614f8e437711c7758473c6ceb0859ac7e9e07911ca66b5c4	1	3	81acfc8b49d7a6cfd84542ea885ce601fab4970d6ccc89e750a1a326bbf722d6
1791377253	253	04dbe32c2062240a4ba0bcad01d7edd98c78b51c77765d5e1e5e9fa3743d2f12a1f82f42cd7dc4f41445979117d790f23e9b3d08d0aa06d527c236172043e747fc	1	3	0d440f45a995edd1875cef0accae7b5b399e2caf3a63b85fd15ec1914f2eba38
1791377253	254	04f700a417754b775d95421973bdbdadb2d23c8a5af46f1829b1431f5c136e549e8a0d61aa0c793f1a614f8e437711c7758473c6ceb0859ac7e9e07911ca66b5c4	1	3	f533d097580b4fcac759fb965306a0de8ecf471effa144bd231bae6bc6c5481a
1791377253	254	04d8b6c325ae12e89823866b2a292a62d7acee520954761890a1621fef79dca1c8e8df79dd8519480e5c015ae6cf3ba7de8669e260561616a36eb9c308b5983ab0	1	3	48ce06e099893579cc76f8840efeba4cf37733aac953aaf1d4bc049d9918a7d7
1791377255	254	04dbe32c2062240a4ba0bcad01d7edd98c78b51c77765d5e1e5e9fa3743d2f12a1f82f42cd7dc4f41445979117d790f23e9b3d08d0aa06d527c236172043e747fc	1	3	182db3c5945dae562e35888e246990db6beaa9e405e78d1ed268f5c0d7a793fe
1791377255	255	04f700a417754b775d95421973bdbdadb2d23c8a5af46f1829b1431f5c136e549e8a0d61aa0c793f1a614f8e437711c7758473c6ceb0859ac7e9e07911ca66b5c4	1	3	bd80312dbecde30811236a418e26f624190de866ece326094a725a280b115b3f
1791377255	255	04dbe32c2062240a4ba0bcad01d7edd98c78b51c77765d5e1e5e9fa3743d2f12a1f82f42cd7dc4f41445979117d790f23e9b3d08d0aa06d527c236172043e747fc	1	3	5859d5f25921a3a095076c403d28dd421c035b95f740d3cf36c6e7dd8511f71d
1791377255	255	04d8b6c325ae12e89823866b2a292a62d7acee520954761890a1621fef79dca1c8e8df79dd8519480e5c015ae6cf3ba7de8669e260561616a36eb9c308b5983ab0	1	3	952f7a95d748562346cac1adbbc64823b07e3c447682ce6410c7cd3c76cf2f62
1791377256	256	04dbe32c2062240a4ba0bcad01d7edd98c78b51c77765d5e1e5e9fa3743d2f12a1f82f42cd7dc4f41445979117d790f23e9b3d08d0aa06d527c236172043e747fc	1	3	6eb3ddb0066624c49a717986c36236270bcf6586710348481f9ea7840790f90a
1791377256	256	04f700a417754b775d95421973bdbdadb2d23c8a5af46f1829b1431f5c136e549e8a0d61aa0c793f1a614f8e437711c7758473c6ceb0859ac7e9e07911ca66b5c4	1	3	61c52424a566949750d96479aebb54d06197de53692fc0d098bc878b123de132
1791377256	256	04d8b6c325ae12e89823866b2a292a62d7acee520954761890a1621fef79dca1c8e8df79dd8519480e5c015ae6cf3ba7de8669e260561616a36eb9c308b5983ab0	1	3	13918b16fe49fec5be21f9199610f8fa3618512ca7539d8182321e62ded62cf9
1791377257	257	04f700a417754b775d95421973bdbdadb2d23c8a5af46f1829b1431f5c136e549e8a0d61aa0c793f1a614f8e437711c7758473c6ceb0859ac7e9e07911ca66b5c4	1	3	be0f5a7f4725dedd363adbef51ca58d5eafce8b1008440336c1e0d473fb8994c
1791377257	257	04dbe32c2062240a4ba0bcad01d7edd98c78b51c77765d5e1e5e9fa3743d2f12a1f82f42cd7dc4f41445979117d790f23e9b3d08d0aa06d527c236172043e747fc	1	3	7f97558f185e2bb49e7dc8eb7a7b03758125af11955067e64156bf0892084ecf
1791377257	257	04d8b6c325ae12e89823866b2a292a62d7acee520954761890a1621fef79dca1c8e8df79dd8519480e5c015ae6cf3ba7de8669e260561616a36eb9c308b5983ab0	1	3	6d35c233b0ba043ba1ed45fc9a92e78aded08c56b49b4ed666cdddc9ffc7facb
1791377257	258	04f700a417754b775d95421973bdbdadb2d23c8a5af46f1829b1431f5c136e549e8a0d61aa0c793f1a614f8e437711c7758473c6ceb0859ac7e9e07911ca66b5c4	1	3	01dcd83dcb6f236eea2a8521a3d7bbf45fdefbac70f42b0d93c91ab36be93b9a
1791377257	258	04dbe32c2062240a4ba0bcad01d7edd98c78b51c77765d5e1e5e9fa3743d2f12a1f82f42cd7dc4f41445979117d790f23e9b3d08d0aa06d527c236172043e747fc	1	3	30a23730bf6e93ef4ff1b7961c746a46a9ffe4be6ff86c5af729416667ce2fbe
1791377257	258	04d8b6c325ae12e89823866b2a292a62d7acee520954761890a1621fef79dca1c8e8df79dd8519480e5c015ae6cf3ba7de8669e260561616a36eb9c308b5983ab0	1	3	db90236016bb13df6b5c23238ca58295fe65f35ea93f7da3346b56f0995293d0
1791377258	259	04dbe32c2062240a4ba0bcad01d7edd98c78b51c77765d5e1e5e9fa3743d2f12a1f82f42cd7dc4f41445979117d790f23e9b3d08d0aa06d527c236172043e747fc	1	3	cbcd34eb30ecd19b6dd99c013d3a6772e0441d391b4b860782bc439c2c204b94
1791377258	259	04d8b6c325ae12e89823866b2a292a62d7acee520954761890a1621fef79dca1c8e8df79dd8519480e5c015ae6cf3ba7de8669e260561616a36eb9c308b5983ab0	1	3	c8ccad9411bc473b4036b8540900397f2ddf22ff08db565a6810fcf59bd898b3
1791377258	259	04f700a417754b775d95421973bdbdadb2d23c8a5af46f1829b1431f5c136e549e8a0d61aa0c793f1a614f8e437711c7758473c6ceb0859ac7e9e07911ca66b5c4	1	3	1af716642e66d676d111f3c15741535ec47e55df280c720d5d7a9cdcc2c49501
1791377259	260	04dbe32c2062240a4ba0bcad01d7edd98c78b51c77765d5e1e5e9fa3743d2f12a1f82f42cd7dc4f41445979117d790f23e9b3d08d0aa06d527c236172043e747fc	1	3	b57e46a25ca29b0da6cbddfb991687b74320394f4bd3046d9175d9b52bfbab21
1791377259	260	04d8b6c325ae12e89823866b2a292a62d7acee520954761890a1621fef79dca1c8e8df79dd8519480e5c015ae6cf3ba7de8669e260561616a36eb9c308b5983ab0	1	3	8989c5542efa9aede799917c8198495aa1e38e20288c8ff205c7932658ec79f4
1791377259	260	04f700a417754b775d95421973bdbdadb2d23c8a5af46f1829b1431f5c136e549e8a0d61aa0c793f1a614f8e437711c7758473c6ceb0859ac7e9e07911ca66b5c4	1	3	6a78537d11664afa82bff66e471061a9dbbf8190d59cf635d8ec68ded1aecfa3
1791377259	261	04f700a417754b775d95421973bdbdadb2d23c8a5af46f1829b1431f5c136e549e8a0d61aa0c793f1a614f8e437711c7758473c6ceb0859ac7e9e07911ca66b5c4	1	3	b15cfaebd3cb2f17aae342c74054323508efd4f5ed779698c2b20e01c47c6e2f
1791377259	261	04dbe32c2062240a4ba0bcad01d7edd98c78b51c77765d5e1e5e9fa3743d2f12a1f82f42cd7dc4f41445979117d790f23e9b3d08d0aa06d527c236172043e747fc	1	3	2c09bb9fb7510409686618af58811778d918c0fef592bc8c4b070d572ff86cf7
1791377261	261	04d8b6c325ae12e89823866b2a292a62d7acee520954761890a1621fef79dca1c8e8df79dd8519480e5c015ae6cf3ba7de8669e260561616a36eb9c308b5983ab0	1	3	5968bef7e06ac78dd98cf65cfa7a714b97e35569359dfb7391a5f83f1448e23b
1791377261	262	04d8b6c325ae12e89823866b2a292a62d7acee520954761890a1621fef79dca1c8e8df79dd8519480e5c015ae6cf3ba7de8669e260561616a36eb9c308b5983ab0	1	3	c7e0670d822661bf799cd53a84bdf55f9262636d9e595ce1a0950036a7156c62
1791377261	262	04f700a417754b775d95421973bdbdadb2d23c8a5af46f1829b1431f5c136e549e8a0d61aa0c793f1a614f8e437711c7758473c6ceb0859ac7e9e07911ca66b5c4	1	3	2fe685bd54d0453100f75cce5adf446672269a40daebf058879260b75c63041c
1791377261	262	04dbe32c2062240a4ba0bcad01d7edd98c78b51c77765d5e1e5e9fa3743d2f12a1f82f42cd7dc4f41445979117d790f23e9b3d08d0aa06d527c236172043e747fc	1	3	260b9da3cb5dfa79898dc980014c8b159a168125e99e8e3f63c6ca63cdaa2eee
1791377262	263	04f700a417754b775d95421973bdbdadb2d23c8a5af46f1829b1431f5c136e549e8a0d61aa0c793f1a614f8e437711c7758473c6ceb0859ac7e9e07911ca66b5c4	1	3	f39eaf85d23197812db1b67bea8f1d9f1173387d1a70f098bf9365afff876aa2
1791377262	263	04dbe32c2062240a4ba0bcad01d7edd98c78b51c77765d5e1e5e9fa3743d2f12a1f82f42cd7dc4f41445979117d790f23e9b3d08d0aa06d527c236172043e747fc	1	3	76764bbffbaea97117f9970573ebafb214aa488872e8bbf67b216fc8d3186940
1791377262	263	04d8b6c325ae12e89823866b2a292a62d7acee520954761890a1621fef79dca1c8e8df79dd8519480e5c015ae6cf3ba7de8669e260561616a36eb9c308b5983ab0	1	3	37127facb11dcff8919d1004a668c49d2a72ccf570d893e6cf93de72ac7e0e64
1791377263	264	04dbe32c2062240a4ba0bcad01d7edd98c78b51c77765d5e1e5e9fa3743d2f12a1f82f42cd7dc4f41445979117d790f23e9b3d08d0aa06d527c236172043e747fc	1	3	ca9b2c312fbdb6c3cd9f51cb6c54e33741f73a079434c0054465c7b52d10d73e
1791377263	264	04f700a417754b775d95421973bdbdadb2d23c8a5af46f1829b1431f5c136e549e8a0d61aa0c793f1a614f8e437711c7758473c6ceb0859ac7e9e07911ca66b5c4	1	3	98d18fe293e321e3fe65532158b910dca21f13174306279454f6621a3e7663da
1791377263	264	04d8b6c325ae12e89823866b2a292a62d7acee520954761890a1621fef79dca1c8e8df79dd8519480e5c015ae6cf3ba7de8669e260561616a36eb9c308b5983ab0	1	3	93aa1c9dd2329082253f0979d2623bd32f82971081d86b34f84823aec320938b
1791377263	265	04f700a417754b775d95421973bdbdadb2d23c8a5af46f1829b1431f5c136e549e8a0d61aa0c793f1a614f8e437711c7758473c6ceb0859ac7e9e07911ca66b5c4	1	3	d9edfbead8b00864e6e5c1862ca8646f7a1994aaf48905e6f3e01618bd51bd26
1791377263	265	04dbe32c2062240a4ba0bcad01d7edd98c78b51c77765d5e1e5e9fa3743d2f12a1f82f42cd7dc4f41445979117d790f23e9b3d08d0aa06d527c236172043e747fc	1	3	68ae1ca708fedd94a69ef7b57b0289fdd0c6b760da0a2f83f43735d35c8cb720
1791377263	265	04d8b6c325ae12e89823866b2a292a62d7acee520954761890a1621fef79dca1c8e8df79dd8519480e5c015ae6cf3ba7de8669e260561616a36eb9c308b5983ab0	1	3	8d12219005c2be382dcc2e89df91d2b06828e8cc0e153d6ddf5f0e8b8c03c4c2
1791377264	266	04d8b6c325ae12e89823866b2a292a62d7acee520954761890a1621fef79dca1c8e8df79dd8519480e5c015ae6cf3ba7de8669e260561616a36eb9c308b5983ab0	1	3	9ae86d607bcc05fcd65c4562c8635a703fcd07a30ef5ab9fe0e9f25d916613cc
1791377264	266	04f700a417754b775d95421973bdbdadb2d23c8a5af46f1829b1431f5c136e549e8a0d61aa0c793f1a614f8e437711c7758473c6ceb0859ac7e9e07911ca66b5c4	1	3	566ffba06d63dad19afecb53b8c39b900d5b1dc13d856fe5bd7593faedd5be10
1791377264	266	04dbe32c2062240a4ba0bcad01d7edd98c78b51c77765d5e1e5e9fa3743d2f12a1f82f42cd7dc4f41445979117d790f23e9b3d08d0aa06d527c236172043e747fc	1	3	61db97ebff26b898150def21753cd8831925057660f15eee3da00ef11dac4714
1791377266	267	04d8b6c325ae12e89823866b2a292a62d7acee520954761890a1621fef79dca1c8e8df79dd8519480e5c015ae6cf3ba7de8669e260561616a36eb9c308b5983ab0	1	3	e7e7ffccf974acbc9c77a9329c0feddc5c53cf6d7d5c55f0c08488918dd08942
1791377266	267	04f700a417754b775d95421973bdbdadb2d23c8a5af46f1829b1431f5c136e549e8a0d61aa0c793f1a614f8e437711c7758473c6ceb0859ac7e9e07911ca66b5c4	1	3	9e3d1c43a5281993ffa0d83de8f5179243dd24942a46743d5a0bf8529e9412af
1791377266	267	04dbe32c2062240a4ba0bcad01d7edd98c78b51c77765d5e1e5e9fa3743d2f12a1f82f42cd7dc4f41445979117d790f23e9b3d08d0aa06d527c236172043e747fc	1	3	6b2931743266501ed7374d7212c9e07730825fcc7ba8e512794459dd669a1a30
1791377266	268	04f700a417754b775d95421973bdbdadb2d23c8a5af46f1829b1431f5c136e549e8a0d61aa0c793f1a614f8e437711c7758473c6ceb0859ac7e9e07911ca66b5c4	1	3	a43b48ca8bf0eb2a77afb364fc0e521d3bc8a24aada41e5cb8c21c79cda6c67d
1791377266	268	04d8b6c325ae12e89823866b2a292a62d7acee520954761890a1621fef79dca1c8e8df79dd8519480e5c015ae6cf3ba7de8669e260561616a36eb9c308b5983ab0	1	3	c77a47d4bf0e6cfa168ab2bd83dfd64640c6edbb166db0380a3b61fe440e6033
1791377267	268	04dbe32c2062240a4ba0bcad01d7edd98c78b51c77765d5e1e5e9fa3743d2f12a1f82f42cd7dc4f41445979117d790f23e9b3d08d0aa06d527c236172043e747fc	1	3	648224df840afa75ee88eee80855c0a914552ba4691c64836cbdda4f7fdca1e1
1791377267	269	04dbe32c2062240a4ba0bcad01d7edd98c78b51c77765d5e1e5e9fa3743d2f12a1f82f42cd7dc4f41445979117d790f23e9b3d08d0aa06d527c236172043e747fc	1	3	81b09dc7fedfca8e77d0bb00e2aa106efb070241edd1c3490ae7ce1fb2f3bbda
1791377267	269	04f700a417754b775d95421973bdbdadb2d23c8a5af46f1829b1431f5c136e549e8a0d61aa0c793f1a614f8e437711c7758473c6ceb0859ac7e9e07911ca66b5c4	1	3	3eb3ac5aa8d2c9ae3452de2fa5c3c42da1599a41781f162da975d7d257a50b3b
1791377267	269	04d8b6c325ae12e89823866b2a292a62d7acee520954761890a1621fef79dca1c8e8df79dd8519480e5c015ae6cf3ba7de8669e260561616a36eb9c308b5983ab0	1	3	95f201ed852ec3945c02434158d58679776047ea0847d509385db8584065da9c
1791377268	270	04dbe32c2062240a4ba0bcad01d7edd98c78b51c77765d5e1e5e9fa3743d2f12a1f82f42cd7dc4f41445979117d790f23e9b3d08d0aa06d527c236172043e747fc	1	3	d2056f7f52746ff82cb68927c49ca51745053e8bed25cef7b1ee8ba94a498620
1791377268	270	04d8b6c325ae12e89823866b2a292a62d7acee520954761890a1621fef79dca1c8e8df79dd8519480e5c015ae6cf3ba7de8669e260561616a36eb9c308b5983ab0	1	3	bce1a07eab494820aaa14b177091e57dd9952debb85a5f8cc461a8291739fa42
1791377268	270	04f700a417754b775d95421973bdbdadb2d23c8a5af46f1829b1431f5c136e549e8a0d61aa0c793f1a614f8e437711c7758473c6ceb0859ac7e9e07911ca66b5c4	1	3	a11168404a72f1a7a58501f50641c1b7e34ebe564c0e4e6fb40d8b68653394a6
1791377269	271	04dbe32c2062240a4ba0bcad01d7edd98c78b51c77765d5e1e5e9fa3743d2f12a1f82f42cd7dc4f41445979117d790f23e9b3d08d0aa06d527c236172043e747fc	1	3	76a1fb8aaa785392a14195fc23222871390718b73e914677441b46469d1b5cf4
1791377269	271	04d8b6c325ae12e89823866b2a292a62d7acee520954761890a1621fef79dca1c8e8df79dd8519480e5c015ae6cf3ba7de8669e260561616a36eb9c308b5983ab0	1	3	61da4e8729b414bc36e7d572b2b3bf84c2071d91bd60250ffc086d17ecb45bd8
1791377269	271	04f700a417754b775d95421973bdbdadb2d23c8a5af46f1829b1431f5c136e549e8a0d61aa0c793f1a614f8e437711c7758473c6ceb0859ac7e9e07911ca66b5c4	1	3	4c4d70d5de69b2237758d33bc4628e1a4bec4c341f5a55c2d7b9459a4f2dd0a0
1791377269	272	04f700a417754b775d95421973bdbdadb2d23c8a5af46f1829b1431f5c136e549e8a0d61aa0c793f1a614f8e437711c7758473c6ceb0859ac7e9e07911ca66b5c4	1	3	b48ed400846718ec1167f2bf1dc0f58b12688dae417941c982059a5276e3d07e
1791377269	272	04dbe32c2062240a4ba0bcad01d7edd98c78b51c77765d5e1e5e9fa3743d2f12a1f82f42cd7dc4f41445979117d790f23e9b3d08d0aa06d527c236172043e747fc	1	3	8834df0857ac433fee5ddbd5790df4bcb416d114a3606b7cabc7be6b7ba85d47
1791377269	272	04d8b6c325ae12e89823866b2a292a62d7acee520954761890a1621fef79dca1c8e8df79dd8519480e5c015ae6cf3ba7de8669e260561616a36eb9c308b5983ab0	1	3	1ae924b3ad2eab9ba29738a89ae3b169b47c2e046c8b104f5d92a130ec353cf0
1791377271	273	04dbe32c2062240a4ba0bcad01d7edd98c78b51c77765d5e1e5e9fa3743d2f12a1f82f42cd7dc4f41445979117d790f23e9b3d08d0aa06d527c236172043e747fc	1	3	95eb4fd70ccc3ae69053308ee5d8e4a4029ca63d1e2051ccd1e11c833501bcb2
1791377271	273	04f700a417754b775d95421973bdbdadb2d23c8a5af46f1829b1431f5c136e549e8a0d61aa0c793f1a614f8e437711c7758473c6ceb0859ac7e9e07911ca66b5c4	1	3	531911993c478b933015ea3e6c51eabb770dde3434cec2b2c0d5adc1c20c61c0
1791377271	273	04d8b6c325ae12e89823866b2a292a62d7acee520954761890a1621fef79dca1c8e8df79dd8519480e5c015ae6cf3ba7de8669e260561616a36eb9c308b5983ab0	1	3	ad7709224541f9cae1ed11b9da6ea5317bf1d4b43562226b62592dfc16c59256
1791377272	274	04dbe32c2062240a4ba0bcad01d7edd98c78b51c77765d5e1e5e9fa3743d2f12a1f82f42cd7dc4f41445979117d790f23e9b3d08d0aa06d527c236172043e747fc	1	3	d3e942f2bf9d97117b0ca71aec8f06e101c311456bfc752176d999c3e143f37a
1791377272	274	04d8b6c325ae12e89823866b2a292a62d7acee520954761890a1621fef79dca1c8e8df79dd8519480e5c015ae6cf3ba7de8669e260561616a36eb9c308b5983ab0	1	3	6249a1db9eb3a517b8ff30b7337638fd5f4116b69a207f406efa5f36979c61a7
1791377272	274	04f700a417754b775d95421973bdbdadb2d23c8a5af46f1829b1431f5c136e549e8a0d61aa0c793f1a614f8e437711c7758473c6ceb0859ac7e9e07911ca66b5c4	1	3	0e725500304e2e4670c490da034a4b9c221f27f32b5d585d40d8c65cff95e2c5
1791377273	275	04dbe32c2062240a4ba0bcad01d7edd98c78b51c77765d5e1e5e9fa3743d2f12a1f82f42cd7dc4f41445979117d790f23e9b3d08d0aa06d527c236172043e747fc	1	3	df2cfb0636ed42a2c38de560a7d47e26f4b3dc0ec77215721a6453846655cf48
1791377273	275	04f700a417754b775d95421973bdbdadb2d23c8a5af46f1829b1431f5c136e549e8a0d61aa0c793f1a614f8e437711c7758473c6ceb0859ac7e9e07911ca66b5c4	1	3	bc634030bfb83fa4f73997e0edfe7bdac71dba1abfa3550ecaca88883f79f97d
1791377273	275	04d8b6c325ae12e89823866b2a292a62d7acee520954761890a1621fef79dca1c8e8df79dd8519480e5c015ae6cf3ba7de8669e260561616a36eb9c308b5983ab0	1	3	2b0c31e39babe58280da0587f8a4161562808ad13c31e0106c4adbb995e36d8e
1791377273	276	04f700a417754b775d95421973bdbdadb2d23c8a5af46f1829b1431f5c136e549e8a0d61aa0c793f1a614f8e437711c7758473c6ceb0859ac7e9e07911ca66b5c4	1	3	e11a7e647fa94b228554927e125f1b9154eaaeaf8a42859b9bd9d8a829a40445
1791377273	276	04dbe32c2062240a4ba0bcad01d7edd98c78b51c77765d5e1e5e9fa3743d2f12a1f82f42cd7dc4f41445979117d790f23e9b3d08d0aa06d527c236172043e747fc	1	3	f72305cd4911fba8b75561ad54220e0514dee16758812073fd9c1048897a218d
1791377273	276	04d8b6c325ae12e89823866b2a292a62d7acee520954761890a1621fef79dca1c8e8df79dd8519480e5c015ae6cf3ba7de8669e260561616a36eb9c308b5983ab0	1	3	681a1570535e79a986c292e2775081e8d3fbd9a743446652e9b77968d280ec43
1791377274	277	04d8b6c325ae12e89823866b2a292a62d7acee520954761890a1621fef79dca1c8e8df79dd8519480e5c015ae6cf3ba7de8669e260561616a36eb9c308b5983ab0	1	3	ff7da31e81066ee7852cf2c048ef14a7be475767710a9081b15d250d28123038
1791377274	277	04f700a417754b775d95421973bdbdadb2d23c8a5af46f1829b1431f5c136e549e8a0d61aa0c793f1a614f8e437711c7758473c6ceb0859ac7e9e07911ca66b5c4	1	3	a383f59bf2e22903e1576b4d1115358cd79f985343583014c7031bfd2e4a8110
1791377274	277	04dbe32c2062240a4ba0bcad01d7edd98c78b51c77765d5e1e5e9fa3743d2f12a1f82f42cd7dc4f41445979117d790f23e9b3d08d0aa06d527c236172043e747fc	1	3	7b8dfb29a88ee55ed787e18d66184c2e701be70b151f9c3ca2d29376a2105509
1791377275	278	04f700a417754b775d95421973bdbdadb2d23c8a5af46f1829b1431f5c136e549e8a0d61aa0c793f1a614f8e437711c7758473c6ceb0859ac7e9e07911ca66b5c4	1	3	fec5a48521ce84e8f22400a0a652e933a48f81c304c978bbc319eabd4d4fe094
1791377275	278	04d8b6c325ae12e89823866b2a292a62d7acee520954761890a1621fef79dca1c8e8df79dd8519480e5c015ae6cf3ba7de8669e260561616a36eb9c308b5983ab0	1	3	e64c404864ae6c85e2b048e24a03696343c46a5b672ad969349842dc1f9111f0
1791377275	278	04dbe32c2062240a4ba0bcad01d7edd98c78b51c77765d5e1e5e9fa3743d2f12a1f82f42cd7dc4f41445979117d790f23e9b3d08d0aa06d527c236172043e747fc	1	3	7304fcf241ff75db9dd5ff6613793f2afd573042a14df3e3ea4b3f29022d408d
1791377275	279	04f700a417754b775d95421973bdbdadb2d23c8a5af46f1829b1431f5c136e549e8a0d61aa0c793f1a614f8e437711c7758473c6ceb0859ac7e9e07911ca66b5c4	1	3	75e5adf7a982ac86f99090d3a625d95f30d27ec253c34e367b81002ee80d9a52
1791377275	279	04dbe32c2062240a4ba0bcad01d7edd98c78b51c77765d5e1e5e9fa3743d2f12a1f82f42cd7dc4f41445979117d790f23e9b3d08d0aa06d527c236172043e747fc	1	3	299616b0851a4a44d248d3b77073916cddf92bd24c3c75431ebdf650976e01ec
1791377277	279	04d8b6c325ae12e89823866b2a292a62d7acee520954761890a1621fef79dca1c8e8df79dd8519480e5c015ae6cf3ba7de8669e260561616a36eb9c308b5983ab0	1	3	bf35cdfc217979a0d653668266bb222e998e8884ba2f8ca5d3f1e6079342e459
1791377277	280	04d8b6c325ae12e89823866b2a292a62d7acee520954761890a1621fef79dca1c8e8df79dd8519480e5c015ae6cf3ba7de8669e260561616a36eb9c308b5983ab0	1	3	14c0744373278e5e917b180dc8486df5c761eac0e167bebb5992bd96ebdb5791
1791377277	280	04f700a417754b775d95421973bdbdadb2d23c8a5af46f1829b1431f5c136e549e8a0d61aa0c793f1a614f8e437711c7758473c6ceb0859ac7e9e07911ca66b5c4	1	3	03d8043b706ada9973af299977283ab770eaabf5306183f1e481fe9a186a7d8f
1791377277	280	04dbe32c2062240a4ba0bcad01d7edd98c78b51c77765d5e1e5e9fa3743d2f12a1f82f42cd7dc4f41445979117d790f23e9b3d08d0aa06d527c236172043e747fc	1	3	38efe5cb1ffa536f8b4bd107717d8ad4955c79371e09bc8dc6d1accc8d748dd2
1791377278	281	04f700a417754b775d95421973bdbdadb2d23c8a5af46f1829b1431f5c136e549e8a0d61aa0c793f1a614f8e437711c7758473c6ceb0859ac7e9e07911ca66b5c4	1	3	932a568a77071a878e2243bf7c1b06270e7b6bab8fcaa964d422e35fffa9d437
1791377278	281	04dbe32c2062240a4ba0bcad01d7edd98c78b51c77765d5e1e5e9fa3743d2f12a1f82f42cd7dc4f41445979117d790f23e9b3d08d0aa06d527c236172043e747fc	1	3	53049476865a52fbec7fe47b310f62d9fd75fbcc7abc1f1d719a20c1f688f78e
1791377278	281	04d8b6c325ae12e89823866b2a292a62d7acee520954761890a1621fef79dca1c8e8df79dd8519480e5c015ae6cf3ba7de8669e260561616a36eb9c308b5983ab0	1	3	488a9ccb62990ca010359c7ab021da2adae9c9cbaf45619df171f737752c962b
1791377279	282	04dbe32c2062240a4ba0bcad01d7edd98c78b51c77765d5e1e5e9fa3743d2f12a1f82f42cd7dc4f41445979117d790f23e9b3d08d0aa06d527c236172043e747fc	1	3	f907fe964cab86de390ebd53a30c7317202da9664190efed2225596e6e40fdd8
1791377279	282	04d8b6c325ae12e89823866b2a292a62d7acee520954761890a1621fef79dca1c8e8df79dd8519480e5c015ae6cf3ba7de8669e260561616a36eb9c308b5983ab0	1	3	e6900dfe2db3f0f1f9b8a8a0f937b53e0ed034cbbe1dc98e612dc95a21093f3a
1791377279	282	04f700a417754b775d95421973bdbdadb2d23c8a5af46f1829b1431f5c136e549e8a0d61aa0c793f1a614f8e437711c7758473c6ceb0859ac7e9e07911ca66b5c4	1	3	d5b830999831d76a0e67539fe69d0cdcfeefbd8adee0d88dff6d3b538445a0a1
1791377279	283	04f700a417754b775d95421973bdbdadb2d23c8a5af46f1829b1431f5c136e549e8a0d61aa0c793f1a614f8e437711c7758473c6ceb0859ac7e9e07911ca66b5c4	1	3	b83ce1d551269d6a2a16cd62f33b158c4593e8dfef9b3e3532a60f92da3a840c
1791377279	283	04dbe32c2062240a4ba0bcad01d7edd98c78b51c77765d5e1e5e9fa3743d2f12a1f82f42cd7dc4f41445979117d790f23e9b3d08d0aa06d527c236172043e747fc	1	3	70b388669bf6f980abf622269c91fadf0ffe0aef79dc3b5c64dcadc15aabb3aa
1791377279	283	04d8b6c325ae12e89823866b2a292a62d7acee520954761890a1621fef79dca1c8e8df79dd8519480e5c015ae6cf3ba7de8669e260561616a36eb9c308b5983ab0	1	3	84af888f8dc728ba00f9725e8a663c5cef5bafff00b467fc224a7c04e9c316b1
1791377280	284	04f700a417754b775d95421973bdbdadb2d23c8a5af46f1829b1431f5c136e549e8a0d61aa0c793f1a614f8e437711c7758473c6ceb0859ac7e9e07911ca66b5c4	1	3	fe9c93ad7113495cd2b0eb1b79a233f13ffd7379108e5b4fa8cba5265cfb0bf7
1791377280	284	04dbe32c2062240a4ba0bcad01d7edd98c78b51c77765d5e1e5e9fa3743d2f12a1f82f42cd7dc4f41445979117d790f23e9b3d08d0aa06d527c236172043e747fc	1	3	f45022ef0fc5f1562e128fb1a7539e44eca7ce087344e07c82b3b7f020add567
1791377280	284	04d8b6c325ae12e89823866b2a292a62d7acee520954761890a1621fef79dca1c8e8df79dd8519480e5c015ae6cf3ba7de8669e260561616a36eb9c308b5983ab0	1	3	a66a3a918248aa926fffcff7aacfe70a3043f40e2fe9c23946ef8fc416fabece
1791377282	285	04f700a417754b775d95421973bdbdadb2d23c8a5af46f1829b1431f5c136e549e8a0d61aa0c793f1a614f8e437711c7758473c6ceb0859ac7e9e07911ca66b5c4	1	3	e09f505f711776b5b92cc9d513193ee26c43a74c7d7e92ee9f339574d7a53c40
1791377282	285	04d8b6c325ae12e89823866b2a292a62d7acee520954761890a1621fef79dca1c8e8df79dd8519480e5c015ae6cf3ba7de8669e260561616a36eb9c308b5983ab0	1	3	c87b7f80cd0b9b00d75bc33bc220c5e583386845db46e8c2cf738bf4515022ec
1791377282	285	04dbe32c2062240a4ba0bcad01d7edd98c78b51c77765d5e1e5e9fa3743d2f12a1f82f42cd7dc4f41445979117d790f23e9b3d08d0aa06d527c236172043e747fc	1	3	ba1fa4ad2a7d9e44bf1f0c5aedbe783bb5095d1543aa9dd969fb91b69bf73025
1791377282	286	04f700a417754b775d95421973bdbdadb2d23c8a5af46f1829b1431f5c136e549e8a0d61aa0c793f1a614f8e437711c7758473c6ceb0859ac7e9e07911ca66b5c4	1	3	481e436b464cc6d8751fb3ea328fef7532f50f79165316ed2a2fff8f67d1e838
1791377282	286	04d8b6c325ae12e89823866b2a292a62d7acee520954761890a1621fef79dca1c8e8df79dd8519480e5c015ae6cf3ba7de8669e260561616a36eb9c308b5983ab0	1	3	5612de88d3257f626a42d5cc7714699ab0b2e36c4ddde52604ad752a3cb3b89a
1791377283	286	04dbe32c2062240a4ba0bcad01d7edd98c78b51c77765d5e1e5e9fa3743d2f12a1f82f42cd7dc4f41445979117d790f23e9b3d08d0aa06d527c236172043e747fc	1	3	cc6074075a36754711b470397ad9944c032d32ff29c78368735c65b3423187e2
1791377283	287	04f700a417754b775d95421973bdbdadb2d23c8a5af46f1829b1431f5c136e549e8a0d61aa0c793f1a614f8e437711c7758473c6ceb0859ac7e9e07911ca66b5c4	1	3	add2f129942e8b432559684cf58c865e9596dec25aec36b5b28410023399b662
1791377283	287	04dbe32c2062240a4ba0bcad01d7edd98c78b51c77765d5e1e5e9fa3743d2f12a1f82f42cd7dc4f41445979117d790f23e9b3d08d0aa06d527c236172043e747fc	1	3	3e8d09d8d3a5801fb311135ed4fc0040e3e9441291958ab56d3ea19b71afe7e0
1791377283	287	04d8b6c325ae12e89823866b2a292a62d7acee520954761890a1621fef79dca1c8e8df79dd8519480e5c015ae6cf3ba7de8669e260561616a36eb9c308b5983ab0	1	3	728167e9ce93ded377eed6bdf1631e625da4652bc9330ea5890dfd9de714703d
1791377284	288	04d8b6c325ae12e89823866b2a292a62d7acee520954761890a1621fef79dca1c8e8df79dd8519480e5c015ae6cf3ba7de8669e260561616a36eb9c308b5983ab0	1	3	fc218768c720fa02e06e596b80b7603114f77d3c0420d4b2179f47c6e927848b
1791377284	288	04dbe32c2062240a4ba0bcad01d7edd98c78b51c77765d5e1e5e9fa3743d2f12a1f82f42cd7dc4f41445979117d790f23e9b3d08d0aa06d527c236172043e747fc	1	3	79d515ec469aaff3646ffbb6fbd3169068a78a63ceb54c365eeac79adfde27d8
1791377284	288	04f700a417754b775d95421973bdbdadb2d23c8a5af46f1829b1431f5c136e549e8a0d61aa0c793f1a614f8e437711c7758473c6ceb0859ac7e9e07911ca66b5c4	1	3	731f0dd4003be88c909281f2206f008882f3bebdfcc981f066b7e16c69b9d27c
1791377285	289	04d8b6c325ae12e89823866b2a292a62d7acee520954761890a1621fef79dca1c8e8df79dd8519480e5c015ae6cf3ba7de8669e260561616a36eb9c308b5983ab0	1	3	e179fd683f07f9e68461d5b68b08fb6ba37c55f728ea0fbfcf76b284d37e476a
1791377285	289	04f700a417754b775d95421973bdbdadb2d23c8a5af46f1829b1431f5c136e549e8a0d61aa0c793f1a614f8e437711c7758473c6ceb0859ac7e9e07911ca66b5c4	1	3	c4671a384697fce3fb3de8c98ec95ca9e4497978d771b8d666af878af9d5b0ed
1791377285	289	04dbe32c2062240a4ba0bcad01d7edd98c78b51c77765d5e1e5e9fa3743d2f12a1f82f42cd7dc4f41445979117d790f23e9b3d08d0aa06d527c236172043e747fc	1	3	550f0656e7bf9d201722686c051604d04f78b57d06add1050eeb69aeefc2ab58
1791377285	290	04f700a417754b775d95421973bdbdadb2d23c8a5af46f1829b1431f5c136e549e8a0d61aa0c793f1a614f8e437711c7758473c6ceb0859ac7e9e07911ca66b5c4	1	3	e63a3825fd3d965cc082d93d05e00a7376e655765538b967b033da9b2f0b361a
1791377285	290	04d8b6c325ae12e89823866b2a292a62d7acee520954761890a1621fef79dca1c8e8df79dd8519480e5c015ae6cf3ba7de8669e260561616a36eb9c308b5983ab0	1	3	ba120e021ffb71c8a8bc7072bc15c95b7ce501cabdfc55553501f42160462b50
1791377286	290	04dbe32c2062240a4ba0bcad01d7edd98c78b51c77765d5e1e5e9fa3743d2f12a1f82f42cd7dc4f41445979117d790f23e9b3d08d0aa06d527c236172043e747fc	1	3	44c7c438f75dc37ce1d0f07fa99607b15d2d6abdce260bc6215997197a720db3
1791377286	291	04f700a417754b775d95421973bdbdadb2d23c8a5af46f1829b1431f5c136e549e8a0d61aa0c793f1a614f8e437711c7758473c6ceb0859ac7e9e07911ca66b5c4	1	3	e2fb40d91222fb2552fca12203b8c862cbe43d17f6d5f9f135a3945382189a94
1791377286	291	04dbe32c2062240a4ba0bcad01d7edd98c78b51c77765d5e1e5e9fa3743d2f12a1f82f42cd7dc4f41445979117d790f23e9b3d08d0aa06d527c236172043e747fc	1	3	2270c5c48eed0c1faf885f3fb9c96deea991676cf170e6521de05a3482ceb611
1791377286	291	04d8b6c325ae12e89823866b2a292a62d7acee520954761890a1621fef79dca1c8e8df79dd8519480e5c015ae6cf3ba7de8669e260561616a36eb9c308b5983ab0	1	3	7f340336b74011a1c0dfd909509b75b694614a7acf9b72ecefffaec8939e69bc
1791377288	292	04f700a417754b775d95421973bdbdadb2d23c8a5af46f1829b1431f5c136e549e8a0d61aa0c793f1a614f8e437711c7758473c6ceb0859ac7e9e07911ca66b5c4	1	3	cfbd55433b62a1969b5fad1ddfcf4ac8b0d9a10667b72839267186670094d894
1791377288	292	04dbe32c2062240a4ba0bcad01d7edd98c78b51c77765d5e1e5e9fa3743d2f12a1f82f42cd7dc4f41445979117d790f23e9b3d08d0aa06d527c236172043e747fc	1	3	a8ad55b6801cfd5308fdad5fadff5bb357b9bdfe54fc6b80fb8eeae5889a17bd
1791377288	292	04d8b6c325ae12e89823866b2a292a62d7acee520954761890a1621fef79dca1c8e8df79dd8519480e5c015ae6cf3ba7de8669e260561616a36eb9c308b5983ab0	1	3	1fbe5190df08ac39cc21897491baeb82988541583c47daa9478832685addc980
1791377289	293	04d8b6c325ae12e89823866b2a292a62d7acee520954761890a1621fef79dca1c8e8df79dd8519480e5c015ae6cf3ba7de8669e260561616a36eb9c308b5983ab0	1	3	8b396a74852a3dbd9cb09337cc6244fdbbaf8fa317d26f724d5576eb8697952a
1791377289	293	04f700a417754b775d95421973bdbdadb2d23c8a5af46f1829b1431f5c136e549e8a0d61aa0c793f1a614f8e437711c7758473c6ceb0859ac7e9e07911ca66b5c4	1	3	80f9ce54d3078f9c91e3eeac5c7e040a190fcd8b2473d82279fcdbf75ab08269
1791377289	293	04dbe32c2062240a4ba0bcad01d7edd98c78b51c77765d5e1e5e9fa3743d2f12a1f82f42cd7dc4f41445979117d790f23e9b3d08d0aa06d527c236172043e747fc	1	3	408fadbf0f5ede8506257cb6c1a719e68840d03d75b01eb1c207c624b8df0726
1791377289	294	04f700a417754b775d95421973bdbdadb2d23c8a5af46f1829b1431f5c136e549e8a0d61aa0c793f1a614f8e437711c7758473c6ceb0859ac7e9e07911ca66b5c4	1	3	37614907f245551216333d642636febd1336266b7d595b15bc58c8ec32428182
1791377289	294	04dbe32c2062240a4ba0bcad01d7edd98c78b51c77765d5e1e5e9fa3743d2f12a1f82f42cd7dc4f41445979117d790f23e9b3d08d0aa06d527c236172043e747fc	1	3	5d7b17168cb00a3938603f801ae1574abdad985b5b3a9c3138871068da29de7c
1791377289	294	04d8b6c325ae12e89823866b2a292a62d7acee520954761890a1621fef79dca1c8e8df79dd8519480e5c015ae6cf3ba7de8669e260561616a36eb9c308b5983ab0	1	3	ff5ade36171b113a0a3c735fbaa162b9d57c122ce8746b56133c0d8ea5a5e2a2
1791377290	295	04dbe32c2062240a4ba0bcad01d7edd98c78b51c77765d5e1e5e9fa3743d2f12a1f82f42cd7dc4f41445979117d790f23e9b3d08d0aa06d527c236172043e747fc	1	3	ab507e54493ec4f9f283934cf59322b0ec3c5f72e77ace770fa75895df2e264a
1791377290	295	04f700a417754b775d95421973bdbdadb2d23c8a5af46f1829b1431f5c136e549e8a0d61aa0c793f1a614f8e437711c7758473c6ceb0859ac7e9e07911ca66b5c4	1	3	04b589b75fecf91df0d39f4965159f6e56f3ec6ca197f1a4adc9e4a3758b8622
1791377290	295	04d8b6c325ae12e89823866b2a292a62d7acee520954761890a1621fef79dca1c8e8df79dd8519480e5c015ae6cf3ba7de8669e260561616a36eb9c308b5983ab0	1	3	aeeeec42b843ea64cac5d87881ff8f1244676aeb2d17c8a381d02b92af46fa7d
1791377291	296	04dbe32c2062240a4ba0bcad01d7edd98c78b51c77765d5e1e5e9fa3743d2f12a1f82f42cd7dc4f41445979117d790f23e9b3d08d0aa06d527c236172043e747fc	1	3	babfc9b0dc076bd68ec5ae72be411b62cccebb1126b0d953ac7aa043aa570ccb
1791377291	296	04d8b6c325ae12e89823866b2a292a62d7acee520954761890a1621fef79dca1c8e8df79dd8519480e5c015ae6cf3ba7de8669e260561616a36eb9c308b5983ab0	1	3	7babc95d2531dc5e944eb2416a1fb19b3e1e9bab9950ff99e966bf73361bea0b
1791377291	296	04f700a417754b775d95421973bdbdadb2d23c8a5af46f1829b1431f5c136e549e8a0d61aa0c793f1a614f8e437711c7758473c6ceb0859ac7e9e07911ca66b5c4	1	3	6c5caaa5a7fa3aeece4cffd9c916f938ec86c76ee923010df0ed3e101bf739f0
1791377291	297	04f700a417754b775d95421973bdbdadb2d23c8a5af46f1829b1431f5c136e549e8a0d61aa0c793f1a614f8e437711c7758473c6ceb0859ac7e9e07911ca66b5c4	1	3	e2c366241b1b38fdeefc78ebb3491ac42ca85ca3226d35932a026d7f5aeb34e1
1791377293	297	04dbe32c2062240a4ba0bcad01d7edd98c78b51c77765d5e1e5e9fa3743d2f12a1f82f42cd7dc4f41445979117d790f23e9b3d08d0aa06d527c236172043e747fc	1	3	c40b48a362e9bfb51c457b97070ed0da2649860c3ceac1e3fb0225e869e3258d
1791377293	297	04d8b6c325ae12e89823866b2a292a62d7acee520954761890a1621fef79dca1c8e8df79dd8519480e5c015ae6cf3ba7de8669e260561616a36eb9c308b5983ab0	1	3	9a4faa486094dac4afa32a717c0945f7d79d3711d1277ef5e25ab63c82b4b184
1791377293	298	04f700a417754b775d95421973bdbdadb2d23c8a5af46f1829b1431f5c136e549e8a0d61aa0c793f1a614f8e437711c7758473c6ceb0859ac7e9e07911ca66b5c4	1	3	450fed645d92d6eaca1b3b56fb406a061c9035e6ac3885ba7167f062afb48330
1791377293	298	04dbe32c2062240a4ba0bcad01d7edd98c78b51c77765d5e1e5e9fa3743d2f12a1f82f42cd7dc4f41445979117d790f23e9b3d08d0aa06d527c236172043e747fc	1	3	9cabb8cb0696541818827b05ec7fcc0fa5d9407a42596dd9cc4df341bda01eb6
1791377293	298	04d8b6c325ae12e89823866b2a292a62d7acee520954761890a1621fef79dca1c8e8df79dd8519480e5c015ae6cf3ba7de8669e260561616a36eb9c308b5983ab0	1	3	d5ec81dc86c04a34467107de539fdc93b1b6801f1d9d186b26ed13c6a167bdb7
1791377294	299	04f700a417754b775d95421973bdbdadb2d23c8a5af46f1829b1431f5c136e549e8a0d61aa0c793f1a614f8e437711c7758473c6ceb0859ac7e9e07911ca66b5c4	1	3	7b70a2736ac2ec47871e90d88f7f0ca26455443ade23239f126a563077a6e29a
1791377294	299	04d8b6c325ae12e89823866b2a292a62d7acee520954761890a1621fef79dca1c8e8df79dd8519480e5c015ae6cf3ba7de8669e260561616a36eb9c308b5983ab0	1	3	7b1d493cbe1d535cf1f1c4f8661964f9299504d2a8b7c7bfccab58c40a35c4e5
1791377294	299	04dbe32c2062240a4ba0bcad01d7edd98c78b51c77765d5e1e5e9fa3743d2f12a1f82f42cd7dc4f41445979117d790f23e9b3d08d0aa06d527c236172043e747fc	1	3	438f2ec2b5ef2f792ccea84a5ca01d95d18a2e072e421c0f22e0de3069b24d18
1791377295	300	04d8b6c325ae12e89823866b2a292a62d7acee520954761890a1621fef79dca1c8e8df79dd8519480e5c015ae6cf3ba7de8669e260561616a36eb9c308b5983ab0	1	3	e994af44fa5ff44526d727a848a2f63afa3db149acef643717338a89df8150dc
1791377295	300	04dbe32c2062240a4ba0bcad01d7edd98c78b51c77765d5e1e5e9fa3743d2f12a1f82f42cd7dc4f41445979117d790f23e9b3d08d0aa06d527c236172043e747fc	1	3	a34614d1ee1ab4e8ca0d0fb9256b6247e4ce68f950f3552ccafd3e7bbc7410f8
1791377295	300	04f700a417754b775d95421973bdbdadb2d23c8a5af46f1829b1431f5c136e549e8a0d61aa0c793f1a614f8e437711c7758473c6ceb0859ac7e9e07911ca66b5c4	1	3	16301dc02c810191e7a156855326f6e8b350f5882a5ff3188edbee2638d7b8e5
1791377296	301	04f700a417754b775d95421973bdbdadb2d23c8a5af46f1829b1431f5c136e549e8a0d61aa0c793f1a614f8e437711c7758473c6ceb0859ac7e9e07911ca66b5c4	1	3	d417507500320ee821d805c1879df8fd6cb8307c31d40f10ba734fbb9cbb0633
1791377296	301	04dbe32c2062240a4ba0bcad01d7edd98c78b51c77765d5e1e5e9fa3743d2f12a1f82f42cd7dc4f41445979117d790f23e9b3d08d0aa06d527c236172043e747fc	1	3	41fc803de60afa042ecd0aa85ad3cf85a46d13d50237389c39176a79e6ea1389
1791377296	301	04d8b6c325ae12e89823866b2a292a62d7acee520954761890a1621fef79dca1c8e8df79dd8519480e5c015ae6cf3ba7de8669e260561616a36eb9c308b5983ab0	1	3	3f545fe445eb404de81572f6932f8256825f99bc500053f5e52c4870c4260c2e
1791377296	302	04f700a417754b775d95421973bdbdadb2d23c8a5af46f1829b1431f5c136e549e8a0d61aa0c793f1a614f8e437711c7758473c6ceb0859ac7e9e07911ca66b5c4	1	3	8f4228e65e372a523468b62a37fafcd3d808e13d45c5f157d9e828c8063e523d
1791377296	302	04d8b6c325ae12e89823866b2a292a62d7acee520954761890a1621fef79dca1c8e8df79dd8519480e5c015ae6cf3ba7de8669e260561616a36eb9c308b5983ab0	1	3	b8c762f714ef9571289b26d8c8c941667f0a15aa9cae4ad39565787c686826a9
1791377297	302	04dbe32c2062240a4ba0bcad01d7edd98c78b51c77765d5e1e5e9fa3743d2f12a1f82f42cd7dc4f41445979117d790f23e9b3d08d0aa06d527c236172043e747fc	1	3	7b811453c0defc0dea3a486089aef68eccdb9cda1dde0cdc117fe965b9904566
1791377297	303	04f700a417754b775d95421973bdbdadb2d23c8a5af46f1829b1431f5c136e549e8a0d61aa0c793f1a614f8e437711c7758473c6ceb0859ac7e9e07911ca66b5c4	1	3	16414021408135b03c6bfb2d728cdb8971a7d90e43339c0b284a199ffd202a81
1791377297	303	04dbe32c2062240a4ba0bcad01d7edd98c78b51c77765d5e1e5e9fa3743d2f12a1f82f42cd7dc4f41445979117d790f23e9b3d08d0aa06d527c236172043e747fc	1	3	9f8be06976d89b04bda43f630adfc4d02f5a25c48edf2856ae821bd45366e9f1
1791377297	303	04d8b6c325ae12e89823866b2a292a62d7acee520954761890a1621fef79dca1c8e8df79dd8519480e5c015ae6cf3ba7de8669e260561616a36eb9c308b5983ab0	1	3	1ca94c4e778ce072045a19e07d2dd98c87666ecf571a0c206c3eac12c41a4f7c
1791377299	304	04dbe32c2062240a4ba0bcad01d7edd98c78b51c77765d5e1e5e9fa3743d2f12a1f82f42cd7dc4f41445979117d790f23e9b3d08d0aa06d527c236172043e747fc	1	3	53566bb24327989db828f702b8045ac6689fcce843512c4bdca340d25976537b
1791377299	304	04f700a417754b775d95421973bdbdadb2d23c8a5af46f1829b1431f5c136e549e8a0d61aa0c793f1a614f8e437711c7758473c6ceb0859ac7e9e07911ca66b5c4	1	3	2f03d4462e32764d85a80949bfc69f033f1559c9850e178b568ba08a17627647
1791377299	304	04d8b6c325ae12e89823866b2a292a62d7acee520954761890a1621fef79dca1c8e8df79dd8519480e5c015ae6cf3ba7de8669e260561616a36eb9c308b5983ab0	1	3	26afa537418f4de4b2a260525e0b997ba106123bd915893600e01f7024ff0db6
1791377300	305	04f700a417754b775d95421973bdbdadb2d23c8a5af46f1829b1431f5c136e549e8a0d61aa0c793f1a614f8e437711c7758473c6ceb0859ac7e9e07911ca66b5c4	1	3	ba4bcc2e888c5d63f618f85d3ceaa609491111d8bb3e3c054bbb059dc647e8c4
1791377300	305	04d8b6c325ae12e89823866b2a292a62d7acee520954761890a1621fef79dca1c8e8df79dd8519480e5c015ae6cf3ba7de8669e260561616a36eb9c308b5983ab0	1	3	4636f1b66d42a19d247bd100fa866f6f7877800f06bcfa80244e59fe211efae2
1791377300	305	04dbe32c2062240a4ba0bcad01d7edd98c78b51c77765d5e1e5e9fa3743d2f12a1f82f42cd7dc4f41445979117d790f23e9b3d08d0aa06d527c236172043e747fc	1	3	08adc27780aa88fefffda36d21d26537811a22368ca72d10f575107392d118ad
1791377300	306	04d8b6c325ae12e89823866b2a292a62d7acee520954761890a1621fef79dca1c8e8df79dd8519480e5c015ae6cf3ba7de8669e260561616a36eb9c308b5983ab0	1	3	d7135380cf7e6812057a72f194b767c9167780ee9b6097b9614fde20d1e6fae9
1791377301	306	04f700a417754b775d95421973bdbdadb2d23c8a5af46f1829b1431f5c136e549e8a0d61aa0c793f1a614f8e437711c7758473c6ceb0859ac7e9e07911ca66b5c4	1	3	b0601a8e70fea7bf26c14597be5035af395f221ce6b04df986fe7aab46903800
1791377301	306	04dbe32c2062240a4ba0bcad01d7edd98c78b51c77765d5e1e5e9fa3743d2f12a1f82f42cd7dc4f41445979117d790f23e9b3d08d0aa06d527c236172043e747fc	1	3	1f0e07bfa8284fe7dc3f53acd15e0be4fae637c62c84cba04ab86bc4023f4dde
1791377301	307	04f700a417754b775d95421973bdbdadb2d23c8a5af46f1829b1431f5c136e549e8a0d61aa0c793f1a614f8e437711c7758473c6ceb0859ac7e9e07911ca66b5c4	1	3	b59e6dce90c199902a1d7a97f88e9837e3e3ade5f11fc805fe1a1a2f5eec6aa1
1791377301	307	04dbe32c2062240a4ba0bcad01d7edd98c78b51c77765d5e1e5e9fa3743d2f12a1f82f42cd7dc4f41445979117d790f23e9b3d08d0aa06d527c236172043e747fc	1	3	0b0dab21bfc406c6eb6a9bc35138649511b17c55a44fa9e8abbf628a5063412e
1791377301	307	04d8b6c325ae12e89823866b2a292a62d7acee520954761890a1621fef79dca1c8e8df79dd8519480e5c015ae6cf3ba7de8669e260561616a36eb9c308b5983ab0	1	3	0ec4ed3e52e0e774d2a446be4917a8776f76adbfb60002fbcd4af55fc0e67e76
1791377302	308	04d8b6c325ae12e89823866b2a292a62d7acee520954761890a1621fef79dca1c8e8df79dd8519480e5c015ae6cf3ba7de8669e260561616a36eb9c308b5983ab0	1	3	de5d4e28eeee3daaae7f6fa96393a4b057760c364c9b5f417c854b5f1fa928a2
1791377302	308	04f700a417754b775d95421973bdbdadb2d23c8a5af46f1829b1431f5c136e549e8a0d61aa0c793f1a614f8e437711c7758473c6ceb0859ac7e9e07911ca66b5c4	1	3	1eeeeb4f918eb8092148121a2a229d6b03c155fa61c00da3c62f44825cc5a6d4
1791377302	308	04dbe32c2062240a4ba0bcad01d7edd98c78b51c77765d5e1e5e9fa3743d2f12a1f82f42cd7dc4f41445979117d790f23e9b3d08d0aa06d527c236172043e747fc	1	3	057ba3e78814caeb00283fb95d2c8c66bdeb86089d34408d87846bb55d328d48
1791377304	309	04f700a417754b775d95421973bdbdadb2d23c8a5af46f1829b1431f5c136e549e8a0d61aa0c793f1a614f8e437711c7758473c6ceb0859ac7e9e07911ca66b5c4	1	3	bea447af8936fc23d1c15b5a40cbbfa65f978490e6eec5ef0f0c2ed19b7e32e7
1791377304	309	04dbe32c2062240a4ba0bcad01d7edd98c78b51c77765d5e1e5e9fa3743d2f12a1f82f42cd7dc4f41445979117d790f23e9b3d08d0aa06d527c236172043e747fc	1	3	7b2ddc6bba15f531f271485be46686bab54c983420f87a9c38c9aa76590fae5f
1791377304	309	04d8b6c325ae12e89823866b2a292a62d7acee520954761890a1621fef79dca1c8e8df79dd8519480e5c015ae6cf3ba7de8669e260561616a36eb9c308b5983ab0	1	3	4e6ef45858b74fc4652716e69ea5563d42d6852a97a9add9055d157cbc3b30b3
1791377305	310	04d8b6c325ae12e89823866b2a292a62d7acee520954761890a1621fef79dca1c8e8df79dd8519480e5c015ae6cf3ba7de8669e260561616a36eb9c308b5983ab0	1	3	ed5ce67f0e2d722b8cc3b6c345c3b26bf83f319eb88f5b626b2b583ed15a4af4
1791377305	310	04f700a417754b775d95421973bdbdadb2d23c8a5af46f1829b1431f5c136e549e8a0d61aa0c793f1a614f8e437711c7758473c6ceb0859ac7e9e07911ca66b5c4	1	3	832b1e0e1d3237942811bb827b794f84f301ea9cf492fc96f638f4bb0d86ef69
1791377305	310	04dbe32c2062240a4ba0bcad01d7edd98c78b51c77765d5e1e5e9fa3743d2f12a1f82f42cd7dc4f41445979117d790f23e9b3d08d0aa06d527c236172043e747fc	1	3	19bcffd7cf674b69a2cc12a8d3551a694845fcdcb9b05a941e4d62b66f3583b0
1791377307	311	04d8b6c325ae12e89823866b2a292a62d7acee520954761890a1621fef79dca1c8e8df79dd8519480e5c015ae6cf3ba7de8669e260561616a36eb9c308b5983ab0	1	3	abdb00aa57403d5a2f1fb791b24514e4265893dc37a517664f05740d51564da4
1791377307	311	04f700a417754b775d95421973bdbdadb2d23c8a5af46f1829b1431f5c136e549e8a0d61aa0c793f1a614f8e437711c7758473c6ceb0859ac7e9e07911ca66b5c4	1	3	8da9d4c95f17652f26c0fd09dfe2337ed631466629aab48f1f4a4df01d6f3362
1791377307	311	04dbe32c2062240a4ba0bcad01d7edd98c78b51c77765d5e1e5e9fa3743d2f12a1f82f42cd7dc4f41445979117d790f23e9b3d08d0aa06d527c236172043e747fc	1	3	1d13e27f20c743ce01f49739070ab5120bcc57e746bd100b5766feb2648d68c0
1791377308	312	04d8b6c325ae12e89823866b2a292a62d7acee520954761890a1621fef79dca1c8e8df79dd8519480e5c015ae6cf3ba7de8669e260561616a36eb9c308b5983ab0	1	3	f977010cebb94d77f384e373fd02b2a60f3f371ba282ee4135ebe12976fed024
1791377308	312	04f700a417754b775d95421973bdbdadb2d23c8a5af46f1829b1431f5c136e549e8a0d61aa0c793f1a614f8e437711c7758473c6ceb0859ac7e9e07911ca66b5c4	1	3	ce43d1d55c12688a5d29c82795f9bb1f54228d4a165797f49d122e47289175c9
1791377308	312	04dbe32c2062240a4ba0bcad01d7edd98c78b51c77765d5e1e5e9fa3743d2f12a1f82f42cd7dc4f41445979117d790f23e9b3d08d0aa06d527c236172043e747fc	1	3	b8a20fc7f7a824a89896268b5aef15d476b4aec7075487636c789c07632bbc34
1791377310	313	04f700a417754b775d95421973bdbdadb2d23c8a5af46f1829b1431f5c136e549e8a0d61aa0c793f1a614f8e437711c7758473c6ceb0859ac7e9e07911ca66b5c4	1	3	c2e8df35de38b4f771332d3716059ce0b8e785e39e276f3b51337987b2aba1e7
1791377310	313	04dbe32c2062240a4ba0bcad01d7edd98c78b51c77765d5e1e5e9fa3743d2f12a1f82f42cd7dc4f41445979117d790f23e9b3d08d0aa06d527c236172043e747fc	1	3	430763626cca67903b142634a32e38f77309c705ba23fd29904ae99486b91c55
1791377310	313	04d8b6c325ae12e89823866b2a292a62d7acee520954761890a1621fef79dca1c8e8df79dd8519480e5c015ae6cf3ba7de8669e260561616a36eb9c308b5983ab0	1	3	1383aa57309fe55838dd81a1235b9e310ffa455f196eb8a435f1ac712d99fcfc
1791377311	314	04d8b6c325ae12e89823866b2a292a62d7acee520954761890a1621fef79dca1c8e8df79dd8519480e5c015ae6cf3ba7de8669e260561616a36eb9c308b5983ab0	1	3	cdd679f0c5a4e3937a017ffdffdfa088eb93514e60a943a2d3549a2026e2db98
1791377311	314	04f700a417754b775d95421973bdbdadb2d23c8a5af46f1829b1431f5c136e549e8a0d61aa0c793f1a614f8e437711c7758473c6ceb0859ac7e9e07911ca66b5c4	1	3	45aa9fa2899ede82f18dd14b7cb349bf754ca40699887b6b33822ccb098c4838
1791377311	314	04dbe32c2062240a4ba0bcad01d7edd98c78b51c77765d5e1e5e9fa3743d2f12a1f82f42cd7dc4f41445979117d790f23e9b3d08d0aa06d527c236172043e747fc	1	3	2771b6328ea51e314b29f67680582591713203ff39fdfd1950dd0b73e9522e9c
1791377312	315	04dbe32c2062240a4ba0bcad01d7edd98c78b51c77765d5e1e5e9fa3743d2f12a1f82f42cd7dc4f41445979117d790f23e9b3d08d0aa06d527c236172043e747fc	1	3	b43d85caff4b67844843e7cf878ca2c507b7469527786174c630a96fe134c78f
1791377312	315	04f700a417754b775d95421973bdbdadb2d23c8a5af46f1829b1431f5c136e549e8a0d61aa0c793f1a614f8e437711c7758473c6ceb0859ac7e9e07911ca66b5c4	1	3	9137f92eff602b81d6c0b1704a21bc3c0cc401a75664054587eeaf053022863a
1791377312	315	04d8b6c325ae12e89823866b2a292a62d7acee520954761890a1621fef79dca1c8e8df79dd8519480e5c015ae6cf3ba7de8669e260561616a36eb9c308b5983ab0	1	3	a1ac573aaebd9ca5e2f68c37c297b26b51648128e55591b6552d15d1aab3eb84
